DISTRICT,Murder,Rape,Kidnapping and Abduction,Foeticide,Abetment of suicide,Exposure and abandonment,Procuration of minor girls,Buying of girls for prostitution,Selling of girls for prostitution,Prohibition of child marriage act,Total,Area type
24 PARGANAS SOUTH,0.0,39.0,112.0,0.0,4.0,4.0,13.0,45.0,18.0,1.0,238,Peaceful Area
A and N ISLANDS,0.0,3.0,7.0,0.0,0.0,0.0,0.0,0.0,0.0,0.0,10,Peaceful Area
ADILABAD,21.0,102.0,78.0,4.0,1.0,21.0,4.0,0.0,0.0,7.0,269,Peaceful Area
AHMEDABAD RURAL,13.0,11.0,76.0,0.0,0.0,6.0,0.0,0.0,0.0,0.0,168,Peaceful Area
AHWA-DANG,3.0,12.0,2.0,0.0,0.0,1.0,0.0,0.0,0.0,1.0,21,Peaceful Area
AIZAWL,5.0,121.0,5.0,0.0,0.0,0.0,0.0,0.0,1.0,0.0,133,Peaceful Area
AJMER,22.0,168.0,251.0,9.0,0.0,13.0,2.0,0.0,0.0,2.0,473,Peaceful Area
ALAPUZHA,19.0,63.0,35.0,0.0,0.0,1.0,0.0,0.0,0.0,0.0,245,Peaceful Area
ALIRAJPUR,1.0,0.0,0.0,0.0,0.0,0.0,0.0,0.0,0.0,0.0,1,Peaceful Area
ALMORA,1.0,0.0,0.0,0.0,0.0,1.0,0.0,0.0,0.0,0.0,4,Peaceful Area
AMBALA,8.0,50.0,59.0,4.0,0.0,8.0,0.0,0.0,0.0,2.0,132,Peaceful Area
AMBALA RURAL,0.0,3.0,1.0,0.0,0.0,0.0,0.0,0.0,0.0,0.0,4,Peaceful Area
AMBALA URBAN,3.0,8.0,42.0,7.0,0.0,0.0,0.0,0.0,0.0,1.0,61,Peaceful Area
AMBEDKAR NAGAR,46.0,65.0,154.0,0.0,0.0,0.0,0.0,0.0,0.0,0.0,306,Peaceful Area
AMBEDKARNAGAR,3.0,3.0,0.0,0.0,0.0,0.0,0.0,0.0,0.0,0.0,6,Peaceful Area
AMRAVATI COMMR.,16.0,108.0,122.0,2.0,2.0,49.0,0.0,0.0,0.0,3.0,408,Peaceful Area
AMRITSAR RURAL,14.0,27.0,70.0,3.0,0.0,0.0,0.0,0.0,0.0,0.0,122,Peaceful Area
ANANTNAG,1.0,9.0,214.0,0.0,0.0,4.0,0.0,0.0,0.0,0.0,233,Peaceful Area
ANDAMAN,7.0,61.0,52.0,3.0,0.0,5.0,0.0,0.0,0.0,0.0,206,Peaceful Area
ANGUL,8.0,29.0,18.0,0.0,5.0,1.0,0.0,0.0,0.0,0.0,222,Peaceful Area
ANJAW,0.0,0.0,0.0,0.0,0.0,0.0,0.0,0.0,0.0,0.0,0,Peaceful Area
ARARIA,28.0,9.0,73.0,0.0,0.0,0.0,12.0,0.0,0.0,0.0,155,Peaceful Area
ARIYALUR,5.0,6.0,4.0,0.0,0.0,0.0,0.0,0.0,0.0,0.0,17,Peaceful Area
ARWAL,8.0,4.0,51.0,0.0,0.0,0.0,0.0,0.0,0.0,0.0,63,Peaceful Area
ASANSOL,0.0,8.0,0.0,0.0,0.0,0.0,0.0,0.0,0.0,0.0,8,Peaceful Area
ASHOK NAGAR,17.0,185.0,31.0,10.0,0.0,17.0,0.0,0.0,0.0,0.0,635,Peaceful Area
AURAIYA,34.0,54.0,250.0,0.0,0.0,0.0,0.0,0.0,0.0,2.0,378,Peaceful Area
AURANGABAD,17.0,29.0,129.0,0.0,0.0,0.0,1.0,0.0,0.0,0.0,176,Peaceful Area
AWANTIPORA,0.0,0.0,0.0,0.0,0.0,0.0,0.0,0.0,0.0,0.0,0,Peaceful Area
AZAMGARH,42.0,57.0,150.0,0.0,3.0,0.0,0.0,0.0,0.0,0.0,300,Peaceful Area
BADDIPOLICEDIST,2.0,12.0,9.0,0.0,0.0,1.0,2.0,0.0,0.0,0.0,38,Peaceful Area
BADWANI,4.0,19.0,4.0,0.0,0.0,2.0,0.0,0.0,0.0,0.0,59,Peaceful Area
BAGAHA,6.0,1.0,103.0,0.0,0.0,0.0,0.0,0.0,0.0,0.0,111,Peaceful Area
BAGALKOT,37.0,13.0,25.0,0.0,0.0,0.0,0.0,0.0,0.0,6.0,86,Peaceful Area
BAGESHWAR,3.0,6.0,4.0,0.0,0.0,0.0,0.0,0.0,0.0,0.0,16,Peaceful Area
BAGHPAT,103.0,71.0,224.0,0.0,0.0,0.0,18.0,0.0,0.0,0.0,474,Peaceful Area
BAHRAICH,38.0,67.0,220.0,1.0,0.0,0.0,0.0,0.0,0.0,0.0,358,Peaceful Area
BAKSA,0.0,0.0,0.0,0.0,0.0,0.0,0.0,0.0,0.0,0.0,0,Peaceful Area
BALASORE,18.0,47.0,7.0,0.0,0.0,0.0,0.0,0.0,0.0,5.0,102,Peaceful Area
BALLIA,33.0,49.0,171.0,1.0,0.0,0.0,0.0,0.0,0.0,0.0,283,Peaceful Area
BALOD,2.0,12.0,4.0,1.0,1.0,0.0,0.0,0.0,0.0,0.0,54,Peaceful Area
BALODA BAZAR,4.0,36.0,16.0,0.0,0.0,2.0,0.0,0.0,0.0,0.0,127,Peaceful Area
BALRAMPUR,35.0,146.0,82.0,1.0,0.0,1.0,0.0,0.0,0.0,0.0,407,Peaceful Area
BANDA,41.0,116.0,130.0,0.0,0.0,0.0,0.0,0.0,0.0,0.0,449,Peaceful Area
BANDIPORA,0.0,0.0,0.0,0.0,0.0,0.0,0.0,0.0,0.0,0.0,0,Peaceful Area
BANGALORE RURAL,3.0,2.0,6.0,0.0,0.0,0.0,4.0,0.0,0.0,0.0,15,Peaceful Area
BANKA,6.0,0.0,157.0,0.0,0.0,0.0,0.0,0.0,0.0,0.0,163,Peaceful Area
BANKURA,3.0,10.0,50.0,1.0,0.0,0.0,4.0,1.0,0.0,3.0,73,Peaceful Area
BANSWARA,27.0,117.0,157.0,2.0,0.0,63.0,0.0,0.0,0.0,1.0,372,Peaceful Area
BARABANKI,60.0,128.0,329.0,0.0,0.0,0.0,0.0,0.0,0.0,0.0,602,Peaceful Area
BARAGARH,3.0,25.0,0.0,0.0,0.0,0.0,0.0,0.0,0.0,0.0,28,Peaceful Area
BARAMULLA,0.0,0.0,0.0,0.0,0.0,0.0,0.0,0.0,0.0,0.0,0,Peaceful Area
BARAN,12.0,129.0,121.0,14.0,0.0,7.0,0.0,0.0,0.0,4.0,313,Peaceful Area
BARMER,25.0,52.0,106.0,0.0,0.0,21.0,2.0,0.0,0.0,0.0,208,Peaceful Area
BARNALA,6.0,32.0,12.0,0.0,0.0,0.0,0.0,0.0,0.0,0.0,54,Peaceful Area
BARPETA,3.0,7.0,0.0,0.0,0.0,0.0,0.0,0.0,0.0,0.0,10,Peaceful Area
BARWANI,23.0,192.0,35.0,3.0,1.0,7.0,0.0,0.0,0.0,0.0,578,Peaceful Area
BASKA,1.0,1.0,2.0,0.0,0.0,0.0,0.0,0.0,0.0,0.0,4,Peaceful Area
BASTI,38.0,67.0,170.0,0.0,0.0,0.0,0.0,0.0,0.0,0.0,320,Peaceful Area
BATALA,12.0,85.0,91.0,8.0,0.0,11.0,0.0,0.0,0.0,6.0,234,Peaceful Area
BDN CP,0.0,0.0,0.0,0.0,0.0,0.0,0.0,0.0,0.0,0.0,0,Peaceful Area
BEGUSARAI,9.0,6.0,112.0,0.0,0.0,0.0,3.0,0.0,1.0,1.0,132,Peaceful Area
BELLARY,9.0,12.0,0.0,0.0,0.0,0.0,0.0,0.0,0.0,3.0,26,Peaceful Area
BEMETARA,0.0,14.0,19.0,0.0,0.0,0.0,0.0,0.0,0.0,0.0,69,Peaceful Area
BERHAMPUR,0.0,0.0,0.0,0.0,0.0,0.0,0.0,0.0,0.0,0.0,0,Peaceful Area
BETTIAH,9.0,11.0,188.0,0.0,0.0,0.0,0.0,1.0,0.0,0.0,209,Peaceful Area
BHABHUA,3.0,16.0,81.0,0.0,0.0,0.0,31.0,0.0,1.0,1.0,143,Peaceful Area
BHADRAK,0.0,2.0,0.0,0.0,0.0,0.0,0.0,0.0,0.0,0.0,2,Peaceful Area
BHAGALPUR,22.0,18.0,259.0,0.0,0.0,0.0,114.0,0.0,0.0,0.0,413,Peaceful Area
BHARUCH,21.0,61.0,157.0,0.0,0.0,31.0,0.0,0.0,0.0,10.0,349,Peaceful Area
BHILWARA,9.0,113.0,129.0,4.0,0.0,63.0,0.0,0.0,0.0,3.0,357,Peaceful Area
BHIM NAGAR,10.0,38.0,63.0,0.0,0.0,0.0,0.0,0.0,0.0,0.0,115,Peaceful Area
BHIND,35.0,78.0,76.0,0.0,0.0,24.0,1.0,0.0,0.0,3.0,900,Peaceful Area
BHIWANI,1.0,11.0,23.0,0.0,0.0,0.0,0.0,0.0,0.0,1.0,77,Peaceful Area
BHOJPUR,35.0,15.0,204.0,0.0,0.0,0.0,40.0,0.0,0.0,0.0,295,Peaceful Area
BHOPAL RLY.,10.0,12.0,9.0,0.0,0.0,73.0,2.0,0.0,0.0,0.0,178,Peaceful Area
BIDAR,15.0,39.0,53.0,0.0,0.0,117.0,0.0,0.0,0.0,2.0,227,Peaceful Area
BIEO,0.0,0.0,0.0,0.0,0.0,0.0,0.0,0.0,0.0,0.0,0,Peaceful Area
BIJAPUR,55.0,55.0,25.0,0.0,0.0,0.0,0.0,0.0,0.0,5.0,140,Peaceful Area
BIKANER,7.0,82.0,34.0,7.0,0.0,13.0,0.0,0.0,0.0,0.0,144,Peaceful Area
BIRBHUM,26.0,101.0,154.0,0.0,1.0,0.0,0.0,0.0,2.0,0.0,284,Peaceful Area
BISHNUPUR,5.0,13.0,33.0,0.0,0.0,0.0,0.0,0.0,0.0,0.0,51,Peaceful Area
BIZAPUR,7.0,19.0,7.0,1.0,0.0,0.0,0.0,0.0,0.0,0.0,62,Peaceful Area
BKP CP,2.0,0.0,9.0,0.0,0.0,0.0,8.0,0.0,3.0,0.0,22,Peaceful Area
BOKARO,3.0,2.0,1.0,0.0,0.0,0.0,1.0,0.0,0.0,0.0,7,Peaceful Area
BOLANGIR,0.0,0.0,0.0,0.0,0.0,0.0,0.0,0.0,0.0,0.0,0,Peaceful Area
BONGAIGAON,1.0,7.0,6.0,0.0,0.0,0.0,0.0,0.0,0.0,0.0,14,Peaceful Area
BORDER,1.0,6.0,0.0,0.0,0.0,1.0,0.0,0.0,0.0,0.0,13,Peaceful Area
BORDER DISTRICT,0.0,2.0,1.0,0.0,0.0,0.0,0.0,0.0,0.0,0.0,5,Peaceful Area
BOUDH,3.0,11.0,36.0,0.0,1.0,0.0,0.0,0.0,0.0,0.0,55,Peaceful Area
BUDGAM,0.0,0.0,0.0,0.0,0.0,0.0,0.0,0.0,0.0,0.0,0,Peaceful Area
BUNDI,17.0,74.0,80.0,3.0,0.0,26.0,0.0,0.0,3.0,3.0,208,Peaceful Area
BURDWAN,0.0,0.0,10.0,0.0,0.0,0.0,2.0,0.0,1.0,2.0,15,Peaceful Area
BURHANPUR,1.0,9.0,3.0,0.0,0.0,0.0,0.0,0.0,0.0,0.0,13,Peaceful Area
BUXAR,17.0,10.0,141.0,0.0,0.0,0.0,0.0,0.0,0.0,0.0,168,Peaceful Area
C.I.D.,0.0,0.0,0.0,0.0,0.0,0.0,0.0,0.0,0.0,0.0,0,Peaceful Area
CACHAR,2.0,4.0,7.0,0.0,0.0,0.0,0.0,0.0,0.0,0.0,22,Peaceful Area
CAR,0.0,0.0,1.0,0.0,0.0,0.0,0.0,0.0,0.0,0.0,2,Peaceful Area
CAW,0.0,0.0,0.0,0.0,0.0,0.0,0.0,0.0,0.0,0.0,0,Peaceful Area
CBCID,5.0,4.0,1.0,0.0,0.0,0.0,0.0,0.0,0.0,0.0,11,Peaceful Area
CBPURA,0.0,0.0,0.0,0.0,0.0,0.0,0.0,0.0,0.0,4.0,4,Peaceful Area
CHAIBASA,1.0,0.0,0.0,0.0,0.0,0.0,0.0,0.0,0.0,0.0,2,Peaceful Area
CHAMARAJNAGAR,0.0,0.0,0.0,0.0,0.0,0.0,0.0,0.0,0.0,0.0,1,Peaceful Area
CHAMBA,9.0,32.0,62.0,0.0,0.0,4.0,0.0,0.0,0.0,0.0,123,Peaceful Area
CHAMOLI,5.0,8.0,4.0,0.0,0.0,0.0,0.0,0.0,0.0,0.0,17,Peaceful Area
CHAMPAWAT,0.0,4.0,0.0,0.0,0.0,0.0,0.0,0.0,0.0,0.0,4,Peaceful Area
CHAMPHAI,5.0,55.0,2.0,0.0,0.0,1.0,0.0,0.0,0.0,0.0,87,Peaceful Area
CHANDEL,4.0,3.0,2.0,0.0,0.0,0.0,0.0,0.0,0.0,0.0,9,Peaceful Area
CHANDOLI,23.0,38.0,54.0,0.0,0.0,0.0,0.0,0.0,1.0,0.0,173,Peaceful Area
CHANGLANG,0.0,12.0,16.0,0.0,0.0,0.0,0.0,0.0,0.0,0.0,28,Peaceful Area
CHATRA,1.0,1.0,1.0,0.0,0.0,0.0,0.0,0.0,0.0,0.0,3,Peaceful Area
CHENGAI,11.0,33.0,2.0,0.0,3.0,0.0,0.0,0.0,0.0,0.0,62,Peaceful Area
CHENNAI,51.0,210.0,194.0,0.0,1.0,2.0,3.0,0.0,0.0,1.0,474,Peaceful Area
CHENNAI RLY.,0.0,0.0,3.0,0.0,0.0,9.0,0.0,0.0,0.0,0.0,12,Peaceful Area
CHENNAISUBURBAN,19.0,34.0,26.0,0.0,0.0,0.0,0.0,0.0,0.0,0.0,88,Peaceful Area
CHHINDWARA,5.0,114.0,15.0,0.0,0.0,1.0,0.0,0.0,0.0,1.0,587,Peaceful Area
CHICKMAGALUR,28.0,48.0,33.0,0.0,0.0,2.0,1.0,0.0,0.0,0.0,140,Peaceful Area
CHIRANG,0.0,0.0,0.0,0.0,0.0,0.0,0.0,0.0,0.0,0.0,0,Peaceful Area
CHITRADURGA,19.0,43.0,4.0,0.0,0.0,0.0,0.0,0.0,0.0,2.0,70,Peaceful Area
CHITRAKOOT DHAM,29.0,58.0,39.0,0.0,0.0,0.0,0.0,0.0,0.0,0.0,159,Peaceful Area
CHITTOOR,49.0,123.0,173.0,0.0,0.0,0.0,0.0,0.0,0.0,0.0,345,Peaceful Area
CHITTORGARH,17.0,90.0,18.0,10.0,0.0,36.0,0.0,0.0,0.0,8.0,179,Peaceful Area
CHURACHANDPUR,6.0,15.0,8.0,0.0,0.0,0.0,1.0,0.0,0.0,0.0,33,Peaceful Area
CHURU,9.0,131.0,86.0,3.0,0.0,1.0,0.0,0.0,0.0,1.0,231,Peaceful Area
CID,0.0,0.0,0.0,0.0,0.0,0.0,0.0,0.0,0.0,0.0,0,Peaceful Area
CID CRIME,0.0,0.0,0.0,0.0,0.0,0.0,0.0,0.0,0.0,0.0,0,Peaceful Area
COIMBATORE RURAL,21.0,28.0,14.0,0.0,0.0,0.0,0.0,0.0,0.0,0.0,64,Peaceful Area
COIMBATORE URBAN,10.0,67.0,41.0,0.0,0.0,1.0,0.0,0.0,0.0,0.0,124,Peaceful Area
COOCHBEHAR,1.0,4.0,14.0,0.0,0.0,0.0,50.0,2.0,9.0,3.0,84,Peaceful Area
CP AMRITSAR,16.0,27.0,115.0,3.0,0.0,0.0,0.0,0.0,0.0,0.0,173,Peaceful Area
CP JALANDHAR,5.0,4.0,46.0,0.0,1.0,0.0,0.0,0.0,0.0,0.0,56,Peaceful Area
CP LUDHIANA,16.0,103.0,251.0,3.0,0.0,42.0,0.0,0.0,1.0,0.0,424,Peaceful Area
CRIME BRANCH,0.0,0.0,0.0,0.0,0.0,0.0,0.0,0.0,0.0,0.0,0,Peaceful Area
CRIME JAMMU,0.0,0.0,0.0,0.0,0.0,0.0,0.0,0.0,0.0,0.0,1,Peaceful Area
CRIME KASHMIR,0.0,0.0,0.0,0.0,0.0,0.0,0.0,0.0,0.0,0.0,0,Peaceful Area
CRIME SRINAGAR,0.0,0.0,0.0,0.0,0.0,0.0,0.0,0.0,0.0,0.0,0,Peaceful Area
CSM NAGAR,1.0,47.0,89.0,0.0,0.0,0.0,0.0,0.0,0.0,0.0,142,Peaceful Area
CUDDALORE,20.0,62.0,57.0,0.0,0.0,0.0,0.0,0.0,0.0,1.0,141,Peaceful Area
CUTTACK,0.0,12.0,0.0,0.0,0.0,0.0,0.0,0.0,0.0,0.0,12,Peaceful Area
CYBERABAD,35.0,66.0,67.0,0.0,7.0,8.0,23.0,0.0,1.0,5.0,296,Peaceful Area
D and N HAVELI,11.0,16.0,71.0,1.0,0.0,2.0,0.0,0.0,0.0,0.0,103,Peaceful Area
DAHOD,11.0,19.0,124.0,0.0,0.0,11.0,0.0,0.0,0.0,5.0,274,Peaceful Area
DAKSHIN DINAJPUR,9.0,69.0,208.0,0.0,6.0,0.0,57.0,0.0,6.0,4.0,451,Peaceful Area
DAKSHIN KANNADA,19.0,34.0,29.0,5.0,1.0,15.0,0.0,0.0,0.0,1.0,185,Peaceful Area
DAMAN,3.0,12.0,9.0,0.0,0.0,4.0,0.0,0.0,0.0,0.0,34,Peaceful Area
DAMOH,4.0,31.0,1.0,0.0,0.0,0.0,0.0,0.0,0.0,0.0,155,Peaceful Area
DANTEWADA,3.0,14.0,11.0,0.0,0.0,0.0,0.0,0.0,0.0,0.0,46,Peaceful Area
DANTEWARA,9.0,31.0,23.0,0.0,0.0,0.0,0.0,0.0,0.0,0.0,126,Peaceful Area
DARBHANGA,23.0,18.0,239.0,0.0,0.0,0.0,30.0,0.0,0.0,0.0,310,Peaceful Area
DARJEELING,0.0,0.0,12.0,0.0,0.0,4.0,57.0,1.0,10.0,2.0,87,Peaceful Area
DARRANG,4.0,19.0,9.0,0.0,0.0,0.0,0.0,0.0,0.0,0.0,41,Peaceful Area
DATIYA,35.0,106.0,96.0,4.0,1.0,6.0,0.0,0.0,0.0,0.0,679,Peaceful Area
DAUSA,8.0,38.0,170.0,2.0,0.0,6.0,0.0,0.0,0.0,2.0,226,Peaceful Area
DAVANAGERE,10.0,14.0,3.0,0.0,0.0,0.0,1.0,0.0,0.0,1.0,35,Peaceful Area
DCP BBSR,0.0,0.0,0.0,0.0,0.0,0.0,0.0,0.0,0.0,1.0,1,Peaceful Area
DCP CTC,0.0,0.0,0.0,0.0,0.0,0.0,0.0,0.0,0.0,0.0,18,Peaceful Area
DEHRADUN,18.0,59.0,134.0,0.0,0.0,0.0,11.0,0.0,0.0,0.0,232,Peaceful Area
DEOGARH,5.0,22.0,0.0,0.0,0.0,0.0,2.0,0.0,0.0,0.0,33,Peaceful Area
DEOGHAR,0.0,2.0,1.0,0.0,0.0,0.0,0.0,0.0,0.0,0.0,4,Peaceful Area
DEORIA,51.0,57.0,206.0,0.0,0.0,0.0,0.0,0.0,0.0,0.0,363,Peaceful Area
DHALAI,12.0,53.0,20.0,0.0,0.0,0.0,1.0,0.0,0.0,1.0,122,Peaceful Area
DHAMTARI,12.0,147.0,51.0,7.0,2.0,5.0,0.0,0.0,0.0,0.0,510,Peaceful Area
DHANBAD,5.0,44.0,29.0,0.0,0.0,0.0,0.0,0.0,0.0,0.0,198,Peaceful Area
DHANBAD RLY.,2.0,0.0,1.0,0.0,0.0,0.0,0.0,0.0,0.0,0.0,3,Peaceful Area
DHARMAPURI,22.0,45.0,169.0,0.0,1.0,0.0,13.0,0.0,0.0,3.0,283,Peaceful Area
DHARWAD RURAL,2.0,0.0,0.0,0.0,0.0,2.0,1.0,0.0,1.0,2.0,11,Peaceful Area
DHEMAJI,1.0,0.0,0.0,0.0,0.0,0.0,0.0,0.0,0.0,0.0,2,Peaceful Area
DHENKANAL,5.0,54.0,3.0,0.0,0.0,0.0,0.0,0.0,0.0,0.0,62,Peaceful Area
DHOLPUR,28.0,56.0,121.0,2.0,0.0,18.0,0.0,0.0,0.0,0.0,239,Peaceful Area
DHULE,19.0,40.0,31.0,1.0,1.0,66.0,10.0,0.0,0.0,0.0,205,Peaceful Area
DIBANG VALLEY,0.0,9.0,4.0,0.0,0.0,0.0,0.0,0.0,0.0,0.0,15,Peaceful Area
DIBRUGARH,1.0,34.0,0.0,0.0,0.0,0.0,0.0,0.0,0.0,0.0,35,Peaceful Area
DIMAPUR,7.0,18.0,17.0,0.0,0.0,0.0,0.0,0.0,0.0,0.0,42,Peaceful Area
DINDIGUL,20.0,23.0,0.0,0.0,0.0,0.0,0.0,0.0,0.0,0.0,44,Peaceful Area
DINDORI,21.0,137.0,15.0,2.0,0.0,3.0,0.0,0.0,0.0,1.0,268,Peaceful Area
DIU,1.0,1.0,0.0,0.0,0.0,0.0,0.0,0.0,0.0,0.0,4,Peaceful Area
DODA,0.0,0.0,0.0,0.0,0.0,0.0,0.0,0.0,0.0,0.0,0,Peaceful Area
DRP,1.0,0.0,0.0,0.0,0.0,2.0,0.0,0.0,0.0,0.0,3,Peaceful Area
DUMKA,10.0,14.0,23.0,0.0,0.0,0.0,2.0,0.0,0.0,0.0,126,Peaceful Area
DUNGARPUR,19.0,90.0,134.0,6.0,0.0,38.0,6.0,0.0,0.0,0.0,295,Peaceful Area
EAST GODAVARI,7.0,89.0,59.0,0.0,2.0,0.0,3.0,1.0,1.0,3.0,213,Peaceful Area
EOW,0.0,0.0,0.0,0.0,0.0,0.0,0.0,0.0,0.0,0.0,0,Peaceful Area
ERNAKULAM,11.0,8.0,9.0,0.0,0.0,1.0,3.0,0.0,0.0,0.0,33,Peaceful Area
ERNAKULAM COMMR.,6.0,83.0,21.0,0.0,0.0,1.0,4.0,0.0,0.0,0.0,285,Peaceful Area
ERNAKULAM RURAL,16.0,100.0,30.0,0.0,0.0,0.0,13.0,0.0,0.0,0.0,269,Peaceful Area
ERODE,19.0,68.0,92.0,0.0,0.0,0.0,1.0,0.0,0.0,0.0,180,Peaceful Area
ETAWAH,59.0,43.0,308.0,0.0,0.0,0.0,1.0,0.0,0.0,0.0,427,Peaceful Area
FAIZABAD,60.0,100.0,215.0,0.0,0.0,0.0,0.0,0.0,0.0,0.0,400,Peaceful Area
FARIDKOT,1.0,8.0,19.0,2.0,0.0,0.0,3.0,0.0,0.0,0.0,36,Peaceful Area
FATEHABAD,19.0,26.0,56.0,6.0,0.0,0.0,0.0,0.0,1.0,1.0,143,Peaceful Area
FATEHGARH,51.0,57.0,116.0,0.0,0.0,0.0,0.0,0.0,0.0,0.0,261,Peaceful Area
FATEHGARH SAHIB,1.0,16.0,20.0,0.0,0.0,1.0,0.0,0.0,0.0,1.0,42,Peaceful Area
FATEHPUR,81.0,76.0,173.0,0.0,0.0,0.0,3.0,0.0,0.0,0.0,436,Peaceful Area
FAZILKA,1.0,12.0,14.0,0.0,0.0,0.0,0.0,0.0,0.0,0.0,27,Peaceful Area
FEROZEPUR,0.0,0.0,0.0,0.0,0.0,0.0,0.0,0.0,0.0,1.0,1,Peaceful Area
FEROZPUR,6.0,55.0,77.0,0.0,0.0,0.0,0.0,0.0,0.0,2.0,140,Peaceful Area
FIROZABAD,83.0,56.0,302.0,0.0,0.0,0.0,2.0,0.0,0.0,0.0,639,Peaceful Area
G.R.P,10.0,1.0,0.0,4.0,0.0,2.0,0.0,0.0,0.0,0.0,17,Peaceful Area
G.R.P.,5.0,5.0,28.0,1.0,0.0,73.0,1.0,0.0,1.0,0.0,115,Peaceful Area
G.R.P. AJMER,0.0,0.0,1.0,0.0,0.0,4.0,0.0,0.0,0.0,0.0,5,Peaceful Area
G.R.P. JODHPUR,0.0,1.0,0.0,0.0,0.0,6.0,0.0,0.0,0.0,0.0,7,Peaceful Area
G.R.P.(RLY),0.0,0.0,2.0,0.0,0.0,3.0,0.0,0.0,0.0,0.0,5,Peaceful Area
G.R.P.AJMER,1.0,0.0,6.0,0.0,0.0,11.0,0.0,0.0,0.0,0.0,18,Peaceful Area
G.R.P.JODHPUR,0.0,1.0,2.0,0.0,0.0,6.0,0.0,0.0,0.0,0.0,9,Peaceful Area
GADAG,8.0,1.0,0.0,0.0,0.0,0.0,0.0,0.0,0.0,0.0,16,Peaceful Area
GADCHIROLI,30.0,153.0,56.0,2.0,0.0,4.0,19.0,0.0,0.0,5.0,494,Peaceful Area
GAJAPATI,3.0,12.0,14.0,0.0,0.0,0.0,0.0,0.0,0.0,0.0,36,Peaceful Area
GANDERBAL,0.0,2.0,1.0,0.0,0.0,1.0,0.0,0.0,0.0,0.0,4,Peaceful Area
GANDHINAGAR,24.0,43.0,107.0,0.0,0.0,39.0,0.0,0.0,0.0,2.0,215,Peaceful Area
GANJAM,10.0,9.0,20.0,0.0,0.0,0.0,0.0,0.0,0.0,0.0,95,Peaceful Area
GARHWA,0.0,13.0,3.0,0.0,0.0,0.0,10.0,0.0,0.0,0.0,36,Peaceful Area
GARI HILLS EAST,0.0,0.0,0.0,0.0,0.0,0.0,0.0,0.0,0.0,0.0,0,Peaceful Area
GARIYABAND,4.0,22.0,3.0,0.0,0.0,0.0,0.0,0.0,0.0,0.0,62,Peaceful Area
GARO HILLS EAST,0.0,14.0,7.0,0.0,0.0,0.0,0.0,0.0,0.0,0.0,21,Peaceful Area
GARO HILLS SOUTH,0.0,10.0,3.0,0.0,0.0,0.0,0.0,0.0,0.0,0.0,13,Peaceful Area
GARO HILLS WEST,4.0,35.0,15.0,0.0,0.0,0.0,10.0,0.0,0.0,2.0,66,Peaceful Area
GAYA,9.0,40.0,229.0,0.0,0.0,0.0,0.0,0.0,0.0,2.0,280,Peaceful Area
GHAZIPUR,24.0,37.0,112.0,0.0,0.0,0.0,0.0,0.0,0.0,0.0,190,Peaceful Area
GIRIDIH,4.0,4.0,0.0,0.0,0.0,0.0,0.0,0.0,0.0,0.0,8,Peaceful Area
GOALPARA,2.0,39.0,23.0,0.0,0.0,0.0,0.0,0.0,0.0,0.0,69,Peaceful Area
GODDA,2.0,0.0,3.0,0.0,0.0,0.0,1.0,0.0,0.0,0.0,6,Peaceful Area
GOLAGHAT,0.0,8.0,0.0,0.0,0.0,0.0,0.0,0.0,0.0,0.0,8,Peaceful Area
GOMATI,2.0,3.0,0.0,0.0,0.0,0.0,0.0,0.0,0.0,0.0,5,Peaceful Area
GONDA,43.0,91.0,261.0,0.0,0.0,0.0,0.0,0.0,0.0,0.0,428,Peaceful Area
GONDIA,31.0,52.0,25.0,0.0,0.0,0.0,0.0,0.0,0.0,2.0,184,Peaceful Area
GOPALGANJ,12.0,10.0,279.0,0.0,0.0,0.0,0.0,0.0,0.0,0.0,301,Peaceful Area
GRP,0.0,2.0,6.0,7.0,0.0,0.0,0.0,0.0,0.0,0.0,21,Peaceful Area
GRP RAIPUR,2.0,7.0,9.0,0.0,0.0,17.0,0.0,0.0,0.0,0.0,52,Peaceful Area
GRP(RLY),8.0,17.0,89.0,0.0,0.0,25.0,0.0,0.0,0.0,0.0,156,Peaceful Area
GULBARGA,0.0,0.0,0.0,0.0,0.0,3.0,0.0,0.0,2.0,5.0,11,Peaceful Area
GUMALA,1.0,5.0,3.0,0.0,0.0,0.0,0.0,0.0,0.0,0.0,15,Peaceful Area
GUMLA,24.0,73.0,56.0,2.0,0.0,2.0,102.0,9.0,14.0,0.0,318,Peaceful Area
GUNTAKAL RLY.,1.0,0.0,5.0,0.0,0.0,1.0,0.0,0.0,0.0,0.0,7,Peaceful Area
GUNTUR URBAN,6.0,41.0,44.0,0.0,0.0,12.0,2.0,0.0,0.0,1.0,127,Peaceful Area
GURDASPUR,14.0,48.0,64.0,0.0,0.0,8.0,0.0,0.0,0.0,1.0,144,Peaceful Area
GUWAHATI CITY,1.0,19.0,5.0,0.0,0.0,0.0,0.0,0.0,0.0,0.0,25,Peaceful Area
HAILAKANDI,0.0,0.0,0.0,0.0,0.0,0.0,0.0,0.0,0.0,0.0,0,Peaceful Area
HAMIRPUR,51.0,83.0,174.0,0.0,1.0,10.0,0.0,0.0,0.0,0.0,371,Peaceful Area
HAMREN,0.0,0.0,0.0,0.0,0.0,0.0,0.0,0.0,0.0,0.0,0,Peaceful Area
HANDWARA,0.0,0.0,0.0,0.0,0.0,0.0,0.0,0.0,0.0,0.0,0,Peaceful Area
HARDA,9.0,82.0,15.0,2.0,1.0,0.0,0.0,0.0,0.0,0.0,154,Peaceful Area
HARDOI,62.0,116.0,300.0,0.0,0.0,0.0,0.0,0.0,0.0,0.0,522,Peaceful Area
HARIDWAR,38.0,78.0,28.0,0.0,0.0,0.0,50.0,0.0,0.0,0.0,201,Peaceful Area
HASSAN,0.0,0.0,0.0,0.0,0.0,0.0,0.0,0.0,0.0,1.0,1,Peaceful Area
HATHRAS,82.0,65.0,189.0,2.0,1.0,0.0,0.0,0.0,0.0,1.0,379,Peaceful Area
HAVERI,2.0,2.0,2.0,0.0,0.0,0.0,0.0,0.0,0.0,1.0,7,Peaceful Area
HAZARIBAGH,7.0,2.0,0.0,0.0,0.0,0.0,0.0,0.0,0.0,0.0,13,Peaceful Area
HIMATNAGAR,8.0,11.0,83.0,0.0,0.0,0.0,0.0,0.0,0.0,19.0,139,Peaceful Area
HINGOLI,45.0,52.0,35.0,1.0,6.0,48.0,0.0,0.0,0.0,0.0,219,Peaceful Area
HISAR,0.0,0.0,0.0,0.0,0.0,0.0,0.0,0.0,0.0,0.0,0,Peaceful Area
HISSAR,5.0,24.0,113.0,0.0,0.0,0.0,0.0,0.0,0.0,4.0,146,Peaceful Area
HOOGHLY,2.0,5.0,1.0,0.0,0.0,0.0,0.0,0.0,0.0,3.0,11,Peaceful Area
HOSHANGABAD,26.0,169.0,77.0,0.0,2.0,0.0,0.0,0.0,0.0,0.0,611,Peaceful Area
HOSHIARPUR,15.0,113.0,134.0,0.0,0.0,0.0,0.0,0.0,0.0,1.0,267,Peaceful Area
HOWRAH,0.0,0.0,10.0,0.0,0.0,0.0,16.0,0.0,3.0,0.0,29,Peaceful Area
HOWRAH CITY,1.0,8.0,81.0,0.0,0.0,0.0,0.0,0.0,0.0,1.0,91,Peaceful Area
HOWRAH G.R.P.,0.0,0.0,4.0,0.0,0.0,0.0,1.0,0.0,0.0,0.0,5,Peaceful Area
I.G.I.AIRPORT,0.0,0.0,0.0,0.0,0.0,0.0,0.0,0.0,0.0,0.0,1,Peaceful Area
IDUKKI,41.0,131.0,34.0,0.0,0.0,0.0,2.0,0.0,0.0,1.0,247,Peaceful Area
IGI AIRPORT,2.0,0.0,6.0,3.0,0.0,1.0,0.0,0.0,0.0,0.0,17,Peaceful Area
IMPHAL EAST,8.0,17.0,102.0,0.0,0.0,0.0,0.0,0.0,0.0,0.0,128,Peaceful Area
IMPHAL WEST,1.0,23.0,146.0,0.0,0.0,0.0,6.0,0.0,0.0,0.0,180,Peaceful Area
IMPHAL(EAST),0.0,7.0,19.0,0.0,0.0,0.0,0.0,0.0,0.0,0.0,26,Peaceful Area
IMPHAL(WEST),1.0,5.0,36.0,0.0,0.0,0.0,0.0,0.0,0.0,0.0,42,Peaceful Area
INDORE RLY.,0.0,0.0,0.0,0.0,0.0,8.0,0.0,0.0,0.0,0.0,9,Peaceful Area
J.P.NAGAR,64.0,98.0,107.0,0.0,0.0,0.0,0.0,0.0,0.0,0.0,320,Peaceful Area
JABALPUR RLY.,1.0,0.0,0.0,0.0,0.0,0.0,0.0,0.0,0.0,0.0,3,Peaceful Area
JAGATSINGHPUR,0.0,0.0,0.0,0.0,0.0,0.0,0.0,0.0,0.0,0.0,0,Peaceful Area
JAGRAON,1.0,22.0,15.0,0.0,0.0,3.0,2.0,0.0,0.0,0.0,46,Peaceful Area
JAINTIA HILLS,22.0,109.0,19.0,0.0,0.0,0.0,0.0,0.0,0.0,0.0,156,Peaceful Area
JAIPUR,21.0,70.0,67.0,0.0,0.0,55.0,1.0,1.0,0.0,1.0,220,Peaceful Area
JAIPUR EAST,11.0,62.0,182.0,2.0,0.0,14.0,0.0,0.0,0.0,0.0,275,Peaceful Area
JAIPUR NORTH,24.0,53.0,177.0,2.0,0.0,1.0,0.0,0.0,0.0,0.0,268,Peaceful Area
JAIPUR SOUTH,12.0,37.0,112.0,4.0,0.0,4.0,0.0,0.0,0.0,0.0,169,Peaceful Area
JAIPUR WEST,5.0,21.0,66.0,13.0,0.0,5.0,0.0,0.0,0.0,0.0,122,Peaceful Area
JAISALMER,6.0,4.0,13.0,1.0,0.0,4.0,0.0,0.0,0.0,0.0,29,Peaceful Area
JAJPUR,0.0,0.0,0.0,0.0,0.0,0.0,0.0,0.0,0.0,0.0,0,Peaceful Area
JALANDHAR,32.0,59.0,258.0,5.0,0.0,0.0,0.0,0.0,0.0,5.0,366,Peaceful Area
JALANDHAR RURAL,2.0,0.0,0.0,0.0,0.0,0.0,0.0,0.0,0.0,0.0,2,Peaceful Area
JALAUN,60.0,48.0,236.0,0.0,0.0,0.0,0.0,0.0,0.0,0.0,374,Peaceful Area
JALORE,10.0,47.0,109.0,0.0,0.0,45.0,0.0,0.0,0.0,1.0,212,Peaceful Area
JAMALPUR RLY.,0.0,0.0,0.0,1.0,0.0,0.0,0.0,0.0,0.0,0.0,1,Peaceful Area
JAMMU,0.0,0.0,1.0,0.0,0.0,0.0,0.0,0.0,0.0,0.0,1,Peaceful Area
JAMNAGAR,58.0,30.0,25.0,0.0,0.0,21.0,41.0,0.0,0.0,11.0,204,Peaceful Area
JAMSHEDPUR,7.0,30.0,19.0,0.0,0.0,0.0,2.0,0.0,0.0,0.0,58,Peaceful Area
JAMSHEDPUR RLY.,0.0,0.0,0.0,0.0,0.0,0.0,0.0,0.0,0.0,0.0,0,Peaceful Area
JAMTARA,1.0,7.0,2.0,0.0,0.0,0.0,3.0,0.0,0.0,0.0,45,Peaceful Area
JAMUI,23.0,13.0,64.0,0.0,0.0,0.0,56.0,0.0,0.0,0.0,156,Peaceful Area
JASHPUR,23.0,105.0,35.0,3.0,3.0,2.0,1.0,0.0,0.0,1.0,479,Peaceful Area
JAUNPUR,46.0,69.0,200.0,1.0,2.0,0.0,0.0,0.0,0.0,0.0,358,Peaceful Area
JEHANABAD,11.0,5.0,51.0,0.0,0.0,0.0,3.0,0.0,0.0,0.0,102,Peaceful Area
JHABUA,13.0,81.0,14.0,0.0,0.0,0.0,0.0,0.0,0.0,0.0,351,Peaceful Area
JHAJJAR,0.0,0.0,0.0,0.0,0.0,0.0,0.0,0.0,0.0,0.0,0,Peaceful Area
JHALAWAR,23.0,140.0,194.0,3.0,0.0,33.0,1.0,0.0,0.0,0.0,397,Peaceful Area
JHANSI,61.0,83.0,151.0,1.0,0.0,0.0,0.0,0.0,0.0,0.0,346,Peaceful Area
JHARGRAM,0.0,0.0,6.0,0.0,0.0,0.0,0.0,0.0,0.0,0.0,6,Peaceful Area
JHARSUGUDA,9.0,40.0,26.0,0.0,0.0,0.0,2.0,0.0,0.0,0.0,81,Peaceful Area
JHUNJHUNU,14.0,160.0,87.0,7.0,0.0,73.0,0.0,0.0,0.0,0.0,341,Peaceful Area
JIND,11.0,81.0,75.0,0.0,0.0,6.0,0.0,0.0,0.0,1.0,198,Peaceful Area
JODHPUR,9.0,10.0,42.0,0.0,0.0,18.0,0.0,0.0,0.0,4.0,83,Peaceful Area
JODHPUR CITY,3.0,23.0,94.0,0.0,0.0,47.0,0.0,0.0,0.0,0.0,167,Peaceful Area
JODHPUR EAST,1.0,3.0,4.0,0.0,0.0,5.0,0.0,0.0,0.0,0.0,13,Peaceful Area
JODHPUR RURAL,6.0,59.0,48.0,1.0,0.0,9.0,12.0,0.0,0.0,0.0,135,Peaceful Area
JODHPUR WEST,0.0,5.0,4.0,0.0,0.0,1.0,0.0,0.0,0.0,0.0,10,Peaceful Area
JORHAT,5.0,8.0,3.0,0.0,0.0,0.0,0.0,0.0,0.0,0.0,16,Peaceful Area
K.G.F.,0.0,1.0,1.0,0.0,0.0,0.0,0.0,0.0,0.0,0.0,3,Peaceful Area
K/KUMEY,0.0,1.0,3.0,0.0,0.0,0.0,0.0,0.0,0.0,0.0,4,Peaceful Area
KABIRDHAM,5.0,19.0,9.0,0.0,0.0,0.0,0.0,0.0,0.0,18.0,314,Peaceful Area
KAITHAL,3.0,7.0,11.0,4.0,1.0,0.0,0.0,0.0,0.0,7.0,39,Peaceful Area
KALAHANDI,1.0,186.0,53.0,0.0,0.0,0.0,0.0,0.0,0.0,0.0,240,Peaceful Area
KAMENG EAST,0.0,3.0,4.0,0.0,0.0,0.0,0.0,0.0,0.0,0.0,7,Peaceful Area
KAMENG WEST,0.0,1.0,1.0,0.0,0.0,0.0,0.0,0.0,0.0,0.0,2,Peaceful Area
KAMRUP,2.0,10.0,5.0,0.0,0.0,0.0,0.0,0.0,0.0,0.0,53,Peaceful Area
KANCHEEPURAM,0.0,0.0,0.0,0.0,0.0,0.0,0.0,0.0,0.0,0.0,0,Peaceful Area
KANCHIPURAM,4.0,0.0,0.0,0.0,0.0,0.0,0.0,0.0,0.0,0.0,39,Peaceful Area
KANDHAMAL,2.0,8.0,0.0,0.0,0.0,0.0,0.0,0.0,0.0,0.0,16,Peaceful Area
KANGRA,11.0,91.0,152.0,12.0,0.0,20.0,0.0,0.0,0.0,1.0,349,Peaceful Area
KANKER,4.0,25.0,5.0,1.0,0.0,3.0,0.0,0.0,0.0,0.0,56,Peaceful Area
KANNAUJ,71.0,45.0,186.0,0.0,0.0,0.0,0.0,0.0,0.0,0.0,337,Peaceful Area
KANNUR,35.0,97.0,27.0,0.0,0.0,1.0,7.0,0.0,0.0,4.0,311,Peaceful Area
KANPUR DEHAT,25.0,49.0,144.0,0.0,1.0,0.0,1.0,0.0,0.0,0.0,266,Peaceful Area
KANSHIRAM NAGAR,33.0,43.0,118.0,0.0,0.0,0.0,0.0,0.0,0.0,0.0,200,Peaceful Area
KANYAKUMARI,8.0,2.0,40.0,0.0,0.0,0.0,0.0,0.0,0.0,0.0,64,Peaceful Area
KAPURTHALA,27.0,40.0,76.0,4.0,0.0,1.0,1.0,0.0,0.0,1.0,155,Peaceful Area
KARAIKAL,1.0,7.0,9.0,0.0,0.0,2.0,0.0,0.0,0.0,0.0,23,Peaceful Area
KARAULI,19.0,74.0,119.0,1.0,0.0,0.0,0.0,0.0,0.0,0.0,213,Peaceful Area
KARBI ANGLONG,2.0,5.0,38.0,0.0,0.0,0.0,25.0,0.0,1.0,0.0,81,Peaceful Area
KARGIL,2.0,0.0,0.0,0.0,0.0,0.0,0.0,0.0,0.0,0.0,2,Peaceful Area
KARIMGANJ,1.0,2.0,5.0,0.0,0.0,0.0,0.0,0.0,0.0,0.0,8,Peaceful Area
KARUR,12.0,4.0,0.0,0.0,0.0,0.0,0.0,0.0,0.0,1.0,27,Peaceful Area
KASARGOD,28.0,137.0,24.0,0.0,0.0,8.0,3.0,0.0,0.0,1.0,527,Peaceful Area
KATHUA,0.0,41.0,45.0,0.0,0.0,0.0,0.0,0.0,0.0,0.0,104,Peaceful Area
KATIHAR,25.0,34.0,258.0,0.0,0.0,0.0,0.0,0.0,0.0,0.0,318,Peaceful Area
KATIHAR RLY.,1.0,0.0,4.0,0.0,0.0,0.0,0.0,0.0,0.0,0.0,5,Peaceful Area
KAUSHAMBI,59.0,90.0,101.0,0.0,0.0,0.0,1.0,0.0,0.0,0.0,318,Peaceful Area
KAWARDHA,0.0,3.0,0.0,0.0,0.0,0.0,0.0,0.0,0.0,0.0,3,Peaceful Area
KENDRAPARA,4.0,14.0,19.0,0.0,0.0,0.0,0.0,0.0,0.0,0.0,51,Peaceful Area
KEONJHAR,5.0,38.0,5.0,0.0,0.0,0.0,0.0,0.0,0.0,0.0,48,Peaceful Area
KHAGARIA,29.0,21.0,121.0,0.0,0.0,0.0,7.0,0.0,0.0,2.0,185,Peaceful Area
KHANNA,7.0,20.0,43.0,3.0,2.0,1.0,0.0,0.0,0.0,0.0,78,Peaceful Area
KHARAGPUR G.R.P.,0.0,0.0,0.0,0.0,0.0,0.0,0.0,0.0,0.0,0.0,0,Peaceful Area
KHARGON,13.0,153.0,39.0,0.0,0.0,32.0,0.0,0.0,0.0,0.0,409,Peaceful Area
KHASI HILLS EAST,21.0,159.0,46.0,0.0,0.0,0.0,8.0,0.0,0.0,2.0,257,Peaceful Area
KHASI HILLS WEST,8.0,92.0,7.0,0.0,0.0,0.0,0.0,0.0,0.0,0.0,110,Peaceful Area
KHEDA NORTH,17.0,23.0,233.0,0.0,0.0,89.0,0.0,0.0,0.0,1.0,364,Peaceful Area
KHIRI,26.0,166.0,305.0,3.0,0.0,0.0,0.0,0.0,0.0,1.0,549,Peaceful Area
KHOWAI,0.0,0.0,0.0,0.0,0.0,0.0,0.0,0.0,0.0,0.0,0,Peaceful Area
KHUNTI,0.0,0.0,0.0,0.0,0.0,0.0,0.0,0.0,0.0,0.0,0,Peaceful Area
KHURDA,0.0,25.0,9.0,0.0,0.0,0.0,0.0,0.0,0.0,0.0,62,Peaceful Area
KINNAUR,1.0,19.0,4.0,0.0,0.0,0.0,0.0,0.0,0.0,1.0,25,Peaceful Area
KIPHIRE,0.0,0.0,0.0,0.0,0.0,0.0,0.0,0.0,0.0,0.0,0,Peaceful Area
KISHANGANJ,12.0,10.0,86.0,1.0,0.0,0.0,14.0,0.0,1.0,1.0,126,Peaceful Area
KISHTWAR,0.0,0.0,0.0,0.0,0.0,0.0,0.0,0.0,0.0,0.0,0,Peaceful Area
KODAGU,9.0,47.0,15.0,0.0,0.0,2.0,1.0,0.0,0.0,1.0,158,Peaceful Area
KODERMA,0.0,1.0,0.0,0.0,0.0,0.0,0.0,0.0,0.0,0.0,1,Peaceful Area
KOHIMA,3.0,8.0,0.0,0.0,0.0,0.0,0.0,0.0,0.0,0.0,11,Peaceful Area
KOKRAJHAR,2.0,9.0,1.0,0.0,0.0,0.0,0.0,0.0,0.0,0.0,12,Peaceful Area
KOLAR,2.0,2.0,14.0,0.0,0.0,1.0,0.0,0.0,1.0,0.0,44,Peaceful Area
KOLASIB,2.0,35.0,1.0,0.0,0.0,0.0,0.0,0.0,0.0,0.0,45,Peaceful Area
KOLLAM,48.0,224.0,121.0,0.0,0.0,6.0,4.0,0.0,0.0,1.0,606,Peaceful Area
KOLLAM COMMR.,2.0,56.0,30.0,0.0,0.0,1.0,1.0,0.0,0.0,0.0,145,Peaceful Area
KOLLAM RURAL,14.0,51.0,17.0,0.0,2.0,0.0,1.0,0.0,0.0,0.0,147,Peaceful Area
KONDAGAON,1.0,7.0,7.0,0.0,0.0,0.0,0.0,0.0,0.0,0.0,30,Peaceful Area
KOPPAL,0.0,0.0,0.0,0.0,0.0,0.0,0.0,0.0,0.0,2.0,2,Peaceful Area
KORAPUT,2.0,33.0,19.0,0.0,0.0,0.0,0.0,0.0,0.0,0.0,55,Peaceful Area
KORBA,18.0,111.0,19.0,1.0,0.0,5.0,0.0,0.0,0.0,2.0,334,Peaceful Area
KORIYA,23.0,286.0,61.0,2.0,0.0,8.0,0.0,0.0,1.0,0.0,604,Peaceful Area
KOTA,8.0,8.0,25.0,6.0,0.0,34.0,0.0,0.0,0.0,0.0,81,Peaceful Area
KOTA CITY,39.0,47.0,21.0,4.0,0.0,41.0,17.0,0.0,0.0,0.0,169,Peaceful Area
KOTA RURAL,6.0,47.0,23.0,1.0,0.0,6.0,0.0,0.0,0.0,0.0,83,Peaceful Area
KOTTAYAM,25.0,136.0,48.0,0.0,0.0,5.0,7.0,0.0,0.0,0.0,336,Peaceful Area
KOZHIKODE,14.0,11.0,5.0,0.0,0.0,1.0,0.0,0.0,0.0,4.0,47,Peaceful Area
KOZHIKODE COMMR.,12.0,57.0,17.0,0.0,2.0,1.0,6.0,0.0,0.0,0.0,248,Peaceful Area
KOZHIKODE RURAL,25.0,102.0,27.0,0.0,1.0,3.0,5.0,0.0,0.0,1.0,327,Peaceful Area
KRISHNAGIRI,25.0,52.0,132.0,0.0,0.0,0.0,0.0,0.0,0.0,3.0,213,Peaceful Area
KULGAM,0.0,0.0,0.0,0.0,0.0,0.0,0.0,0.0,0.0,0.0,0,Peaceful Area
KULLU,6.0,120.0,81.0,0.0,2.0,8.0,0.0,0.0,0.0,3.0,275,Peaceful Area
KUPWARA,0.0,0.0,0.0,0.0,0.0,0.0,0.0,0.0,0.0,0.0,0,Peaceful Area
KURUKSHETRA,12.0,37.0,27.0,4.0,0.0,0.0,0.0,0.0,0.0,4.0,93,Peaceful Area
KUSHI NAGAR,46.0,78.0,184.0,1.0,2.0,0.0,3.0,0.0,0.0,0.0,379,Peaceful Area
KUTCH,29.0,30.0,172.0,0.0,0.0,61.0,0.0,0.0,0.0,7.0,324,Peaceful Area
KUTCH (EAST(G)),2.0,7.0,16.0,0.0,0.0,2.0,0.0,0.0,0.0,0.0,27,Peaceful Area
KUTCH (WEST-BHUJ),3.0,4.0,9.0,0.0,0.0,2.0,0.0,0.0,0.0,0.0,18,Peaceful Area
LAHAUL-SPITI,0.0,1.0,0.0,0.0,0.0,0.0,0.0,0.0,0.0,0.0,3,Peaceful Area
LAKHIMPUR,0.0,34.0,22.0,0.0,0.0,0.0,0.0,0.0,0.0,0.0,56,Peaceful Area
LAKHISARAI,38.0,27.0,123.0,0.0,0.0,0.0,0.0,0.0,0.0,0.0,188,Peaceful Area
LAKSHADWEEP,1.0,0.0,0.0,0.0,0.0,0.0,0.0,0.0,0.0,0.0,2,Peaceful Area
LALITPUR,18.0,46.0,54.0,1.0,1.0,0.0,1.0,0.0,1.0,1.0,181,Peaceful Area
LATEHAR,2.0,1.0,0.0,0.0,0.0,0.0,0.0,0.0,0.0,0.0,5,Peaceful Area
LATUR,17.0,31.0,30.0,0.0,0.0,20.0,0.0,0.0,0.0,0.0,127,Peaceful Area
LAWNGTLAI,7.0,8.0,3.0,0.0,0.0,0.0,0.0,0.0,0.0,0.0,18,Peaceful Area
LEH,1.0,1.0,0.0,0.0,0.0,0.0,0.0,0.0,0.0,0.0,2,Peaceful Area
LOHARDAGGA,2.0,2.0,0.0,0.0,0.0,0.0,0.0,0.0,0.0,0.0,9,Peaceful Area
LOHIT,0.0,9.0,17.0,0.0,0.0,0.0,0.0,0.0,0.0,0.0,26,Peaceful Area
LONGLENG,0.0,0.0,0.0,0.0,0.0,0.0,0.0,0.0,0.0,0.0,0,Peaceful Area
LUDHIANA RURAL,2.0,14.0,38.0,2.0,2.0,0.0,0.0,0.0,0.0,0.0,66,Peaceful Area
LUNGLEI,4.0,49.0,6.0,0.0,0.0,0.0,0.0,0.0,0.0,0.0,59,Peaceful Area
MADHEPURA,16.0,2.0,129.0,0.0,0.0,0.0,0.0,0.0,0.0,0.0,147,Peaceful Area
MADHUBANI,13.0,17.0,321.0,0.0,0.0,0.0,4.0,0.0,0.0,1.0,356,Peaceful Area
MADURAI RURAL,26.0,27.0,4.0,0.0,1.0,0.0,28.0,0.0,0.0,0.0,97,Peaceful Area
MADURAI URBAN,29.0,17.0,39.0,0.0,0.0,0.0,0.0,0.0,0.0,0.0,85,Peaceful Area
MAHARAJGANJ,41.0,112.0,240.0,4.0,0.0,1.0,0.0,0.0,0.0,0.0,433,Peaceful Area
MAHASAMUND,17.0,145.0,98.0,2.0,3.0,1.0,0.0,0.0,0.0,3.0,415,Peaceful Area
MAHENDERGARH,2.0,2.0,0.0,0.0,0.0,0.0,0.0,0.0,0.0,0.0,4,Peaceful Area
MAHENDRAGARH,12.0,20.0,7.0,0.0,4.0,4.0,0.0,1.0,1.0,1.0,50,Peaceful Area
MAHOBA,15.0,41.0,59.0,0.0,6.0,0.0,0.0,0.0,0.0,0.0,150,Peaceful Area
MAJITHA,9.0,22.0,29.0,10.0,0.0,0.0,0.0,0.0,0.0,0.0,71,Peaceful Area
MALAPPURAM,42.0,125.0,39.0,1.0,1.0,0.0,0.0,0.0,0.0,12.0,394,Peaceful Area
MALDA,0.0,0.0,146.0,0.0,0.0,0.0,16.0,0.0,13.0,16.0,237,Peaceful Area
MALKANGIR,3.0,6.0,14.0,0.0,0.0,0.0,9.0,0.0,0.0,1.0,33,Peaceful Area
MAMIT,4.0,22.0,3.0,0.0,0.0,0.0,0.0,0.0,0.0,0.0,34,Peaceful Area
MANDI,5.0,68.0,50.0,2.0,0.0,15.0,5.0,0.0,0.0,2.0,216,Peaceful Area
MANDSAUR,21.0,208.0,104.0,0.0,0.0,0.0,0.0,0.0,4.0,0.0,503,Peaceful Area
MANDYA,10.0,43.0,43.0,0.0,0.0,0.0,0.0,0.0,0.0,3.0,117,Peaceful Area
MANGALORE CITY,1.0,10.0,1.0,1.0,0.0,0.0,0.0,0.0,0.0,0.0,22,Peaceful Area
MANSA,12.0,78.0,36.0,1.0,1.0,1.0,0.0,0.0,0.0,3.0,146,Peaceful Area
MAU,41.0,62.0,166.0,0.0,0.0,0.0,0.0,0.0,0.0,1.0,320,Peaceful Area
MAYURBHANJ,12.0,39.0,21.0,0.0,0.0,0.0,8.0,0.0,0.0,1.0,168,Peaceful Area
MEHSANA,15.0,10.0,52.0,0.0,0.0,20.0,12.0,0.0,0.0,1.0,283,Peaceful Area
MEWAT,18.0,87.0,61.0,5.0,0.0,15.0,0.0,0.0,0.0,0.0,190,Peaceful Area
MIDNAPUR,0.0,0.0,0.0,0.0,0.0,0.0,0.0,0.0,0.0,0.0,0,Peaceful Area
MIRZAPUR,32.0,58.0,84.0,1.0,0.0,0.0,0.0,0.0,0.0,0.0,204,Peaceful Area
MOGA,7.0,14.0,22.0,2.0,0.0,0.0,0.0,0.0,0.0,0.0,45,Peaceful Area
MOKOKCHUNG,0.0,1.0,0.0,0.0,0.0,0.0,0.0,0.0,0.0,0.0,1,Peaceful Area
MON,1.0,1.0,0.0,0.0,0.0,0.0,0.0,0.0,0.0,0.0,2,Peaceful Area
MORENA,30.0,79.0,73.0,1.0,0.0,75.0,0.0,0.0,1.0,4.0,406,Peaceful Area
MORIGAON,2.0,0.0,7.0,0.0,0.0,0.0,0.0,0.0,0.0,0.0,38,Peaceful Area
MOTIHARI,24.0,20.0,352.0,0.0,0.0,0.0,28.0,0.0,1.0,2.0,427,Peaceful Area
MUKTSAR,13.0,41.0,61.0,2.0,0.0,4.0,0.0,0.0,0.0,0.0,128,Peaceful Area
MUMBAI RLY.,12.0,19.0,36.0,1.0,1.0,109.0,0.0,1.0,0.0,0.0,189,Peaceful Area
MUNGELI,0.0,3.0,11.0,2.0,0.0,0.0,0.0,0.0,0.0,0.0,26,Peaceful Area
MUNGER,21.0,5.0,139.0,0.0,0.0,0.0,8.0,0.0,0.0,0.0,173,Peaceful Area
MUZAFFARPUR RLY.,9.0,3.0,6.0,0.0,0.0,0.0,0.0,0.0,0.0,0.0,19,Peaceful Area
MYSORE COMMR.,8.0,67.0,48.0,0.0,0.0,0.0,0.0,0.0,0.0,1.0,124,Peaceful Area
MYSORE RURAL,54.0,54.0,7.0,0.0,0.0,0.0,0.0,0.0,0.0,2.0,117,Peaceful Area
N.C. HILLS,0.0,0.0,0.0,0.0,0.0,0.0,0.0,0.0,0.0,0.0,0,Peaceful Area
N.C.HILLS,0.0,1.0,1.0,0.0,0.0,0.0,0.0,0.0,0.0,0.0,2,Peaceful Area
NADIA,1.0,22.0,30.0,0.0,0.0,0.0,14.0,1.0,21.0,5.0,94,Peaceful Area
NAGAON,6.0,8.0,6.0,0.0,0.0,0.0,0.0,0.0,0.0,0.0,284,Peaceful Area
NAGAPATTINAM,9.0,31.0,52.0,0.0,0.0,0.0,0.0,0.0,0.0,0.0,202,Peaceful Area
NAGAUR,14.0,103.0,136.0,2.0,0.0,9.0,0.0,0.0,0.0,1.0,284,Peaceful Area
NAGPUR RLY.,15.0,3.0,8.0,0.0,0.0,165.0,0.0,0.0,0.0,0.0,198,Peaceful Area
NAINITAL,5.0,4.0,2.0,0.0,0.0,0.0,24.0,0.0,0.0,0.0,55,Peaceful Area
NALANDA,24.0,22.0,182.0,5.0,0.0,0.0,10.0,0.0,0.0,0.0,255,Peaceful Area
NALBARI,3.0,17.0,48.0,0.0,0.0,0.0,0.0,0.0,0.0,0.0,84,Peaceful Area
NAMAKKAL,31.0,51.0,97.0,0.0,0.0,0.0,0.0,0.0,0.0,0.0,179,Peaceful Area
NANDURBAR,33.0,100.0,43.0,2.0,2.0,22.0,0.0,0.0,0.0,0.0,243,Peaceful Area
NARAYANPUR,2.0,1.0,2.0,1.0,0.0,0.0,0.0,0.0,0.0,0.0,11,Peaceful Area
NARMADA,1.0,3.0,7.0,0.0,0.0,0.0,0.0,0.0,0.0,0.0,12,Peaceful Area
NAUGACHIA,6.0,3.0,36.0,1.0,0.0,0.0,3.0,0.0,0.0,0.0,50,Peaceful Area
NAVSARI,9.0,3.0,9.0,0.0,0.0,15.0,0.0,0.0,0.0,1.0,37,Peaceful Area
NAWADAH,28.0,7.0,131.0,0.0,0.0,0.0,0.0,0.0,0.0,3.0,170,Peaceful Area
NAWAN SHAHR,7.0,10.0,4.0,2.0,0.0,0.0,4.0,0.0,0.0,3.0,31,Peaceful Area
NAYAGARH,3.0,23.0,14.0,5.0,0.0,0.0,5.0,0.0,0.0,0.0,50,Peaceful Area
NEEMUCH,16.0,115.0,58.0,3.0,0.0,20.0,0.0,0.0,1.0,0.0,481,Peaceful Area
NEW DELHI,12.0,27.0,215.0,0.0,0.0,29.0,0.0,0.0,0.0,0.0,405,Peaceful Area
NICOBAR,1.0,0.0,0.0,0.0,0.0,0.0,0.0,0.0,0.0,0.0,1,Peaceful Area
NILGIRIS,16.0,58.0,37.0,0.0,2.0,0.0,0.0,0.0,0.0,0.0,113,Peaceful Area
NIZAMABAD,35.0,88.0,104.0,0.0,2.0,25.0,19.0,2.0,0.0,2.0,383,Peaceful Area
NORTH EAST,3.0,16.0,47.0,0.0,0.0,2.0,0.0,0.0,0.0,0.0,100,Peaceful Area
NORTH GOA,14.0,107.0,69.0,0.0,4.0,34.0,2.0,0.0,0.0,0.0,413,Peaceful Area
NORTH WEST,8.0,31.0,274.0,0.0,0.0,12.0,0.0,0.0,0.0,0.0,325,Peaceful Area
NOWRANGPUR,1.0,0.0,0.0,0.0,0.0,0.0,0.0,0.0,0.0,0.0,8,Peaceful Area
NUAPADA,0.0,0.0,0.0,0.0,0.0,0.0,0.0,0.0,0.0,0.0,60,Peaceful Area
PAKUR,6.0,11.0,2.0,2.0,0.0,0.0,11.0,0.0,0.0,0.0,43,Peaceful Area
PALAMU,2.0,1.0,1.0,0.0,0.0,0.0,0.0,0.0,0.0,0.0,5,Peaceful Area
PALANPUR,19.0,25.0,59.0,5.0,0.0,46.0,0.0,0.0,0.0,1.0,261,Peaceful Area
PALI,2.0,33.0,47.0,0.0,0.0,12.0,0.0,0.0,0.0,4.0,119,Peaceful Area
PALWAL,10.0,36.0,59.0,0.0,0.0,0.0,0.0,0.0,0.0,0.0,107,Peaceful Area
PANCHKULA,1.0,6.0,3.0,0.0,0.0,0.0,0.0,0.0,0.0,1.0,11,Peaceful Area
PANCHMAHAL,7.0,3.0,17.0,0.0,0.0,2.0,0.0,0.0,0.0,7.0,119,Peaceful Area
PANCHSHIL NAGAR,19.0,15.0,26.0,0.0,0.0,0.0,0.0,0.0,0.0,0.0,61,Peaceful Area
PANNA,10.0,200.0,40.0,1.0,0.0,4.0,0.0,1.0,0.0,0.0,366,Peaceful Area
PAPUM PARE,0.0,14.0,27.0,0.0,0.0,0.0,0.0,0.0,0.0,0.0,44,Peaceful Area
PASCHIM MIDNAPUR,0.0,0.0,8.0,0.0,0.0,3.0,8.0,0.0,1.0,3.0,29,Peaceful Area
PATAN,20.0,30.0,91.0,0.0,0.0,53.0,0.0,0.0,0.0,4.0,219,Peaceful Area
PATHANAMTHITTA,15.0,116.0,65.0,0.0,1.0,4.0,19.0,0.0,0.0,0.0,262,Peaceful Area
PATHANKOT,0.0,4.0,7.0,0.0,0.0,0.0,0.0,0.0,0.0,0.0,11,Peaceful Area
PATNA RLY.,0.0,2.0,16.0,0.0,0.0,0.0,0.0,0.0,0.0,0.0,18,Peaceful Area
PAURI GARHWAL,0.0,3.0,4.0,0.0,0.0,0.0,0.0,0.0,0.0,0.0,9,Peaceful Area
PERAMBALUR,26.0,12.0,22.0,0.0,0.0,0.0,0.0,0.0,0.0,1.0,77,Peaceful Area
PEREN,0.0,0.0,0.0,0.0,0.0,0.0,0.0,0.0,0.0,0.0,0,Peaceful Area
PHEK,0.0,2.0,0.0,0.0,0.0,0.0,0.0,0.0,0.0,0.0,2,Peaceful Area
PILIBHIT,80.0,65.0,152.0,0.0,0.0,0.0,0.0,0.0,0.0,0.0,322,Peaceful Area
PITHORAGARH,0.0,1.0,0.0,0.0,0.0,0.0,0.0,0.0,0.0,0.0,1,Peaceful Area
PONDICHERRY,7.0,25.0,34.0,0.0,1.0,0.0,0.0,0.0,0.0,0.0,88,Peaceful Area
POONCH,7.0,1.0,0.0,2.0,0.0,4.0,0.0,0.0,0.0,0.0,15,Peaceful Area
PORBANDAR,12.0,5.0,37.0,0.0,0.0,13.0,0.0,0.0,0.0,2.0,105,Peaceful Area
PRABUDDH NAGAR,9.0,7.0,57.0,0.0,0.0,0.0,0.0,0.0,0.0,0.0,74,Peaceful Area
PRAKASHAM,22.0,91.0,87.0,0.0,3.0,2.0,53.0,0.0,0.0,5.0,389,Peaceful Area
PUDUCHERRY,2.0,16.0,52.0,0.0,1.0,7.0,0.0,0.0,0.0,2.0,94,Peaceful Area
PUDUKOTTAI,8.0,11.0,0.0,0.0,0.0,0.0,0.0,0.0,0.0,0.0,19,Peaceful Area
PULWAMA,0.0,0.0,0.0,0.0,0.0,0.0,0.0,0.0,0.0,0.0,0,Peaceful Area
PUNE RLY.,1.0,7.0,8.0,0.0,0.0,45.0,0.0,0.0,0.0,0.0,65,Peaceful Area
PURAB MIDNAPUR,0.0,0.0,36.0,0.0,1.0,0.0,21.0,1.0,29.0,1.0,89,Peaceful Area
PURI,4.0,2.0,0.0,0.0,0.0,0.0,0.0,0.0,0.0,0.0,13,Peaceful Area
PURNEA,12.0,24.0,136.0,0.0,0.0,0.0,13.0,1.0,0.0,1.0,187,Peaceful Area
PURULIA,0.0,7.0,1.0,0.0,0.0,0.0,0.0,0.0,0.0,0.0,8,Peaceful Area
R.P.O.,0.0,0.0,0.0,0.0,0.0,0.0,0.0,0.0,0.0,0.0,0,Peaceful Area
RAIBAREILLY,32.0,110.0,146.0,1.0,0.0,0.0,0.0,0.0,0.0,0.0,358,Peaceful Area
RAICHUR,43.0,44.0,93.0,0.0,1.0,2.0,0.0,0.0,0.0,6.0,198,Peaceful Area
RAIGAD,24.0,94.0,69.0,0.0,0.0,6.0,5.0,0.0,0.0,0.0,262,Peaceful Area
RAILWAYS,7.0,1.0,12.0,2.0,1.0,6.0,0.0,0.0,0.0,0.0,62,Peaceful Area
RAILWAYS JAMMU,0.0,0.0,0.0,0.0,0.0,0.0,0.0,0.0,0.0,0.0,0,Peaceful Area
RAILWAYS KASHMIR,0.0,0.0,0.0,0.0,0.0,0.0,0.0,0.0,0.0,0.0,0,Peaceful Area
RAILWAYS KATRA,0.0,0.0,0.0,0.0,0.0,0.0,0.0,0.0,0.0,0.0,0,Peaceful Area
RAILWAYS KMR,0.0,0.0,0.0,0.0,0.0,0.0,0.0,0.0,0.0,0.0,0,Peaceful Area
RAILWAYSJMU,0.0,0.0,0.0,0.0,0.0,0.0,0.0,0.0,0.0,0.0,0,Peaceful Area
RAISEN,1.0,50.0,13.0,0.0,0.0,0.0,0.0,0.0,0.0,0.0,148,Peaceful Area
RAJAHMUNDRY,1.0,9.0,24.0,0.0,0.0,0.0,0.0,0.0,0.0,1.0,68,Peaceful Area
RAJOURI,0.0,0.0,0.0,0.0,0.0,0.0,0.0,0.0,0.0,0.0,0,Peaceful Area
RAJSAMAND,2.0,11.0,37.0,2.0,0.0,15.0,0.0,0.0,0.0,5.0,73,Peaceful Area
RAMABAI NAGAR,6.0,23.0,157.0,0.0,0.0,0.0,0.0,0.0,0.0,0.0,191,Peaceful Area
RAMANAGAR,2.0,1.0,2.0,0.0,0.0,0.0,0.0,0.0,0.0,1.0,8,Peaceful Area
RAMBAN,2.0,0.0,0.0,0.0,0.0,0.0,0.0,0.0,0.0,0.0,2,Peaceful Area
RAMGARH,1.0,0.0,1.0,0.0,0.0,0.0,0.0,0.0,0.0,0.0,2,Peaceful Area
RAMNATHAPURAM,19.0,28.0,50.0,0.0,0.0,0.0,0.0,0.0,0.0,0.0,132,Peaceful Area
RAMPUR,65.0,86.0,225.0,1.0,4.0,0.0,0.0,0.0,0.0,0.0,399,Peaceful Area
RANCHI,8.0,6.0,2.0,0.0,0.0,0.0,4.0,0.0,0.0,4.0,29,Peaceful Area
RANGA REDDY,13.0,18.0,2.0,0.0,0.0,0.0,5.0,0.0,0.0,7.0,78,Peaceful Area
RATNAGIRI,13.0,122.0,50.0,0.0,0.0,33.0,3.0,0.0,0.0,1.0,300,Peaceful Area
RAYAGADA,3.0,76.0,8.0,0.0,0.0,0.0,5.0,0.0,0.0,0.0,116,Peaceful Area
REASI,1.0,6.0,11.0,2.0,0.0,3.0,0.0,0.0,0.0,0.0,24,Peaceful Area
REWARI,15.0,61.0,92.0,0.0,0.0,39.0,0.0,0.0,1.0,1.0,240,Peaceful Area
RI-BHOI,4.0,77.0,15.0,0.0,0.0,0.0,0.0,0.0,0.0,0.0,97,Peaceful Area
ROHTAK,0.0,0.0,0.0,0.0,0.0,0.0,0.0,0.0,0.0,2.0,10,Peaceful Area
ROHTAS,13.0,10.0,225.0,0.0,0.0,0.0,12.0,0.0,0.0,0.0,260,Peaceful Area
ROPAR,6.0,23.0,63.0,0.0,0.0,1.0,0.0,0.0,0.0,0.0,102,Peaceful Area
ROURKELA,1.0,43.0,18.0,0.0,0.0,0.0,0.0,0.0,0.0,0.0,92,Peaceful Area
RUDRA PRAYAG,2.0,0.0,0.0,0.0,0.0,0.0,0.0,0.0,0.0,0.0,3,Peaceful Area
RURAL,0.0,2.0,2.0,0.0,0.0,0.0,0.0,0.0,0.0,0.0,4,Peaceful Area
S.T.F.,0.0,0.0,0.0,0.0,0.0,0.0,0.0,0.0,0.0,0.0,0,Peaceful Area
SAHARANPUR,75.0,55.0,157.0,2.0,0.0,0.0,2.0,0.0,0.0,2.0,342,Peaceful Area
SAHARSA,13.0,16.0,110.0,1.0,0.0,0.0,44.0,0.0,0.0,1.0,190,Peaceful Area
SAHEBGANJ,0.0,4.0,9.0,0.0,0.0,0.0,5.0,1.0,0.0,0.0,23,Peaceful Area
SAIHA,5.0,11.0,1.0,0.0,0.0,0.0,0.0,0.0,0.0,0.0,19,Peaceful Area
SALEM RURAL,62.0,122.0,323.0,0.0,0.0,1.0,1.0,0.0,0.0,0.0,524,Peaceful Area
SALEM URBAN,39.0,96.0,112.0,0.0,0.0,11.0,0.0,0.0,0.0,0.0,258,Peaceful Area
SAMASTIPUR,42.0,44.0,249.0,0.0,0.0,1.0,7.0,0.0,2.0,1.0,353,Peaceful Area
SAMBA,1.0,5.0,3.0,0.0,0.0,0.0,0.0,0.0,0.0,0.0,9,Peaceful Area
SAMBALPUR,2.0,19.0,0.0,0.0,0.0,0.0,0.0,0.0,0.0,0.0,21,Peaceful Area
SANGRUR,24.0,45.0,24.0,4.0,1.0,1.0,0.0,0.0,0.0,1.0,124,Peaceful Area
SANT KABIRNAGAR,27.0,74.0,128.0,1.0,0.0,0.0,0.0,0.0,0.0,0.0,263,Peaceful Area
SARAIKELA,2.0,1.0,0.0,0.0,0.0,0.0,0.0,0.0,0.0,0.0,4,Peaceful Area
SARAN,18.0,29.0,315.0,0.0,0.0,0.0,17.0,0.0,0.0,1.0,380,Peaceful Area
SAS NGR,9.0,28.0,89.0,7.0,0.0,0.0,0.0,0.0,0.0,0.0,138,Peaceful Area
SBS NAGAR,5.0,30.0,36.0,4.0,0.0,0.0,0.0,0.0,0.0,0.0,75,Peaceful Area
SEALDAH G.R.P.,0.0,0.0,0.0,0.0,0.0,0.0,2.0,0.0,0.0,0.0,2,Peaceful Area
SECUNDERABAD RLY.,0.0,1.0,0.0,0.0,0.0,0.0,0.0,0.0,0.0,0.0,1,Peaceful Area
SENAPATI,5.0,6.0,7.0,0.0,0.0,0.0,0.0,0.0,0.0,0.0,18,Peaceful Area
SEONI,43.0,182.0,29.0,2.0,1.0,0.0,0.0,0.0,0.0,1.0,906,Peaceful Area
SERCHHIP,2.0,23.0,2.0,0.0,0.0,0.0,0.0,0.0,0.0,0.0,28,Peaceful Area
SHEIKHPURA,12.0,5.0,62.0,0.0,0.0,0.0,6.0,0.0,0.0,0.0,85,Peaceful Area
SHEOHAR,2.0,2.0,49.0,0.0,0.0,0.0,17.0,1.0,0.0,0.0,72,Peaceful Area
SHEOPUR,3.0,28.0,11.0,0.0,0.0,2.0,0.0,0.0,0.0,1.0,139,Peaceful Area
SHIMLA,8.0,97.0,101.0,0.0,2.0,18.0,3.0,0.0,0.0,2.0,253,Peaceful Area
SHIMOGA,46.0,86.0,46.0,0.0,0.0,5.0,44.0,0.0,0.0,2.0,232,Peaceful Area
SHOPIAN,0.0,0.0,0.0,0.0,0.0,0.0,0.0,0.0,0.0,0.0,0,Peaceful Area
SHRAWASTI,24.0,32.0,91.0,1.0,0.0,0.0,0.0,0.0,0.0,0.0,192,Peaceful Area
SIANG EAST,0.0,31.0,16.0,0.0,0.0,0.0,0.0,0.0,0.0,0.0,49,Peaceful Area
SIANG UPPER,0.0,5.0,6.0,0.0,0.0,0.0,0.0,0.0,0.0,0.0,11,Peaceful Area
SIANG WEST,0.0,15.0,14.0,0.0,0.0,0.0,0.0,0.0,0.0,0.0,29,Peaceful Area
SIBSAGAR,6.0,4.0,3.0,0.0,0.0,0.0,0.0,0.0,0.0,0.0,29,Peaceful Area
SIDHARTHNAGAR,38.0,52.0,125.0,0.0,0.0,0.0,0.0,0.0,0.0,0.0,258,Peaceful Area
SIKAR,35.0,118.0,205.0,1.0,0.0,36.0,0.0,0.0,0.0,1.0,398,Peaceful Area
SILIGURI G.R.P.,0.0,0.0,2.0,0.0,0.0,0.0,2.0,0.0,2.0,0.0,7,Peaceful Area
SILIGURI_PC,5.0,0.0,14.0,0.0,0.0,0.0,0.0,0.0,0.0,0.0,44,Peaceful Area
SIMDEGA,1.0,0.0,0.0,0.0,0.0,0.0,0.0,0.0,0.0,0.0,2,Peaceful Area
SINDHUDURG,18.0,41.0,30.0,0.0,1.0,14.0,0.0,0.0,1.0,0.0,129,Peaceful Area
SINGRAULI,15.0,72.0,90.0,11.0,4.0,1.0,0.0,0.0,0.0,0.0,355,Peaceful Area
SIPAHIJALA,0.0,2.0,0.0,0.0,0.0,0.0,0.0,0.0,0.0,0.0,2,Peaceful Area
SIRMAUR,6.0,49.0,81.0,4.0,0.0,2.0,0.0,0.0,0.0,2.0,204,Peaceful Area
SIROHI,12.0,47.0,69.0,2.0,0.0,6.0,1.0,0.0,0.0,0.0,148,Peaceful Area
SIRSA,9.0,16.0,36.0,4.0,0.0,7.0,0.0,0.0,0.0,1.0,108,Peaceful Area
SITAMARHI,52.0,12.0,278.0,0.0,0.0,0.0,0.0,0.0,0.0,0.0,342,Peaceful Area
SIVAGANGAI,17.0,24.0,63.0,0.0,0.0,0.0,5.0,0.0,0.0,0.0,113,Peaceful Area
SIWAN,20.0,5.0,198.0,0.0,0.0,0.0,6.0,0.0,0.0,0.0,229,Peaceful Area
SOLAN,6.0,64.0,56.0,0.0,0.0,19.0,14.0,0.0,1.0,3.0,195,Peaceful Area
SONBHADRA,21.0,74.0,93.0,0.0,0.0,0.0,0.0,0.0,0.0,0.0,243,Peaceful Area
SONEPUR,6.0,17.0,11.0,0.0,1.0,0.0,0.0,0.0,0.0,0.0,36,Peaceful Area
SONIPAT,3.0,4.0,0.0,0.0,1.0,0.0,0.0,0.0,0.0,2.0,16,Peaceful Area
SONITPUR,8.0,39.0,9.0,2.0,10.0,0.0,0.0,0.0,2.0,0.0,218,Peaceful Area
SOPORE,0.0,2.0,0.0,0.0,0.0,0.0,0.0,0.0,0.0,0.0,2,Peaceful Area
SOUTH GOA,14.0,125.0,78.0,0.0,2.0,16.0,10.0,0.0,0.0,1.0,387,Peaceful Area
SOUTH WEST,3.0,19.0,54.0,1.0,0.0,7.0,0.0,0.0,0.0,0.0,86,Peaceful Area
SPL CELL,0.0,0.0,0.0,0.0,0.0,0.0,0.0,0.0,0.0,0.0,0,Peaceful Area
SRIKAKULAM,20.0,51.0,35.0,0.0,2.0,0.0,0.0,0.0,0.0,0.0,146,Peaceful Area
SRINAGAR,0.0,0.0,0.0,0.0,0.0,0.0,0.0,0.0,0.0,0.0,0,Peaceful Area
SRP(CUTTACK),1.0,3.0,17.0,0.0,0.0,1.0,1.0,0.0,0.0,0.0,26,Peaceful Area
SRP(ROURKELA),1.0,1.0,3.0,0.0,0.0,0.0,0.0,0.0,0.0,0.0,8,Peaceful Area
ST.RAVIDASNAGAR,5.0,8.0,39.0,0.0,0.0,0.0,0.0,0.0,0.0,0.0,65,Peaceful Area
STF,0.0,0.0,0.0,0.0,0.0,0.0,0.0,0.0,0.0,0.0,0,Peaceful Area
SUBANSIRI LOWER,0.0,1.0,8.0,0.0,0.0,0.0,0.0,0.0,0.0,0.0,9,Peaceful Area
SUBANSIRI UPPER,0.0,3.0,4.0,0.0,0.0,0.0,0.0,0.0,0.0,0.0,7,Peaceful Area
SUKMA,0.0,0.0,0.0,0.0,0.0,0.0,0.0,0.0,0.0,0.0,0,Peaceful Area
SULTANPUR,61.0,91.0,200.0,2.0,1.0,0.0,0.0,0.0,0.0,0.0,433,Peaceful Area
SUNDARGARH,44.0,132.0,70.0,0.0,0.0,0.0,0.0,0.0,0.0,0.0,246,Peaceful Area
SUPAUL,6.0,12.0,83.0,0.0,0.0,0.0,0.0,0.0,0.0,0.0,101,Peaceful Area
SURAJPUR,23.0,213.0,5.0,0.0,0.0,0.0,50.0,0.0,0.0,0.0,394,Peaceful Area
SURAT RURAL,6.0,31.0,63.0,2.0,0.0,0.0,0.0,0.0,0.0,1.0,117,Peaceful Area
SURGUJA,6.0,78.0,15.0,0.0,0.0,0.0,0.0,0.0,0.0,2.0,142,Peaceful Area
TAMENGLONG,1.0,0.0,0.0,0.0,0.0,0.0,0.0,0.0,0.0,0.0,1,Peaceful Area
TAPI,2.0,2.0,1.0,0.0,0.0,0.0,0.0,0.0,0.0,0.0,12,Peaceful Area
TARN TARAN,26.0,46.0,46.0,23.0,0.0,0.0,0.0,0.0,0.0,1.0,143,Peaceful Area
TAWANG,0.0,1.0,1.0,0.0,0.0,0.0,0.0,0.0,0.0,0.0,2,Peaceful Area
TEHRI GARHWAL,0.0,0.0,0.0,0.0,0.0,0.0,0.0,0.0,0.0,0.0,0,Peaceful Area
THANJAVUR,5.0,6.0,1.0,0.0,0.0,0.0,0.0,0.0,0.0,0.0,19,Peaceful Area
THENI,24.0,45.0,103.0,0.0,1.0,0.0,0.0,0.0,0.0,1.0,185,Peaceful Area
THIRUNELVELI RURAL,24.0,39.0,46.0,0.0,0.0,4.0,0.0,0.0,0.0,0.0,126,Peaceful Area
THIRUNELVELI URBAN,7.0,27.0,17.0,0.0,0.0,0.0,0.0,0.0,0.0,1.0,53,Peaceful Area
THIRUVALLUR,18.0,43.0,97.0,0.0,0.0,0.0,0.0,0.0,0.0,0.0,158,Peaceful Area
THIRUVANNAMALAI,14.0,61.0,95.0,0.0,0.0,0.0,0.0,0.0,0.0,0.0,171,Peaceful Area
THIRUVARUR,10.0,28.0,29.0,0.0,0.0,0.0,0.0,0.0,0.0,0.0,69,Peaceful Area
THOOTHUGUDI,32.0,75.0,74.0,0.0,0.0,1.0,0.0,0.0,0.0,2.0,184,Peaceful Area
THOUBAL,5.0,24.0,85.0,0.0,0.0,0.0,10.0,0.0,0.0,0.0,124,Peaceful Area
THRISSUR,47.0,97.0,37.0,0.0,1.0,0.0,0.0,0.0,0.0,2.0,333,Peaceful Area
THRISSUR COMMR.,1.0,27.0,16.0,0.0,0.0,1.0,0.0,0.0,0.0,0.0,134,Peaceful Area
THRISSUR RURAL,8.0,44.0,16.0,0.0,0.0,0.0,2.0,0.0,0.0,0.0,199,Peaceful Area
TINSUKIA,9.0,12.0,5.0,0.0,0.0,0.0,0.0,0.0,0.0,0.0,69,Peaceful Area
TIRAP,0.0,4.0,8.0,0.0,0.0,0.0,0.0,0.0,0.0,0.0,12,Peaceful Area
TIRUPATHI URBAN,7.0,14.0,16.0,0.0,0.0,1.0,6.0,0.0,0.0,1.0,48,Peaceful Area
TIRUPPUR,0.0,10.0,15.0,0.0,0.0,0.0,0.0,0.0,0.0,0.0,31,Peaceful Area
TONK,4.0,46.0,120.0,6.0,0.0,39.0,1.0,2.0,0.0,2.0,220,Peaceful Area
TRICHY RLY.,0.0,0.0,1.0,0.0,0.0,6.0,0.0,0.0,0.0,0.0,7,Peaceful Area
TRICHY RURAL,18.0,30.0,60.0,0.0,0.0,0.0,0.0,0.0,0.0,1.0,120,Peaceful Area
TRICHY URBAN,12.0,15.0,42.0,0.0,0.0,0.0,0.0,0.0,0.0,0.0,69,Peaceful Area
TRIVANDRUM,8.0,33.0,23.0,0.0,0.0,0.0,4.0,0.0,0.0,2.0,76,Peaceful Area
TRIVANDRUM COMMR.,6.0,118.0,63.0,1.0,2.0,5.0,33.0,0.0,0.0,2.0,335,Peaceful Area
TUENSANG,0.0,1.0,0.0,0.0,0.0,0.0,0.0,0.0,0.0,0.0,1,Peaceful Area
TUMKUR,2.0,1.0,6.0,0.0,0.0,2.0,1.0,0.0,0.0,2.0,58,Peaceful Area
UDALGURI,0.0,0.0,0.0,0.0,0.0,0.0,0.0,0.0,0.0,0.0,0,Peaceful Area
UDHAMPUR,4.0,7.0,1.0,0.0,0.0,3.0,0.0,0.0,0.0,0.0,15,Peaceful Area
UDHAMSINGH NAGAR,10.0,14.0,61.0,0.0,0.0,0.0,2.0,0.0,0.0,0.0,119,Peaceful Area
UDUPI,6.0,7.0,7.0,0.0,0.0,7.0,2.0,0.0,0.0,1.0,52,Peaceful Area
UKHRUL,0.0,2.0,1.0,0.0,0.0,0.0,0.0,0.0,0.0,0.0,3,Peaceful Area
UMARIYA,8.0,121.0,14.0,0.0,1.0,3.0,0.0,0.0,0.0,0.0,400,Peaceful Area
UNA,11.0,46.0,39.0,0.0,0.0,3.0,3.0,0.0,0.0,1.0,148,Peaceful Area
UNAKOTI,0.0,2.0,0.0,0.0,0.0,0.0,0.0,0.0,0.0,0.0,2,Peaceful Area
UPPER DIBANG VALLEY,0.0,0.0,1.0,0.0,0.0,0.0,0.0,0.0,0.0,0.0,1,Peaceful Area
UTTAR KANNADA,0.0,0.0,0.0,0.0,0.0,1.0,0.0,0.0,0.0,0.0,3,Peaceful Area
UTTARKASHI,2.0,9.0,13.0,0.0,1.0,0.0,0.0,0.0,0.0,0.0,26,Peaceful Area
VADODARA COMMR.,28.0,44.0,374.0,0.0,0.0,48.0,0.0,0.0,0.0,4.0,616,Peaceful Area
VAISHALI,53.0,39.0,490.0,0.0,0.0,0.0,5.0,0.0,0.0,0.0,588,Peaceful Area
VALSAD,8.0,22.0,32.0,0.0,0.0,3.0,0.0,0.0,0.0,1.0,66,Peaceful Area
VARANASI,26.0,79.0,233.0,0.0,0.0,0.0,0.0,1.0,0.0,0.0,425,Peaceful Area
VIJAYAWADA,16.0,28.0,66.0,0.0,0.0,1.0,0.0,0.0,0.0,0.0,159,Peaceful Area
VIJAYAWADA RLY.,4.0,1.0,1.0,0.0,0.0,3.0,0.0,0.0,0.0,0.0,9,Peaceful Area
VILLUPURAM,34.0,122.0,204.0,0.0,0.0,0.0,0.0,0.0,0.0,1.0,363,Peaceful Area
VILUPPURAM,7.0,6.0,9.0,0.0,0.0,0.0,0.0,0.0,0.0,0.0,22,Peaceful Area
VIRUDHUNAGAR,37.0,48.0,55.0,0.0,0.0,16.0,0.0,0.0,0.0,0.0,220,Peaceful Area
VISAKHA RURAL,5.0,23.0,12.0,0.0,0.0,1.0,0.0,0.0,0.0,1.0,57,Peaceful Area
VISAKHAPATNAM,17.0,89.0,150.0,0.0,0.0,0.0,0.0,0.0,0.0,1.0,261,Peaceful Area
VIZIANAGARAM,8.0,46.0,23.0,0.0,0.0,0.0,0.0,0.0,0.0,1.0,193,Peaceful Area
W.RLY,20.0,5.0,14.0,0.0,0.0,45.0,0.0,0.0,0.0,0.0,99,Peaceful Area
W.RLY AHMEDABAD,2.0,0.0,1.0,0.0,0.0,5.0,0.0,0.0,0.0,0.0,8,Peaceful Area
W.RLY VADODARA,3.0,0.0,1.0,0.0,0.0,10.0,0.0,0.0,0.0,0.0,14,Peaceful Area
WARANGAL URBAN,3.0,16.0,38.0,0.0,0.0,0.0,0.0,0.0,0.0,4.0,66,Peaceful Area
WARDHA,26.0,128.0,132.0,0.0,0.0,17.0,1.0,0.0,0.0,1.0,505,Peaceful Area
WASHIM,35.0,83.0,113.0,0.0,1.0,23.0,0.0,0.0,0.0,2.0,345,Peaceful Area
WAYANADU,16.0,81.0,18.0,0.0,1.0,2.0,9.0,0.0,0.0,0.0,287,Peaceful Area
WOKHA,1.0,2.0,0.0,0.0,0.0,0.0,0.0,0.0,0.0,0.0,3,Peaceful Area
YADGIRI,0.0,0.0,0.0,0.0,0.0,0.0,0.0,0.0,0.0,1.0,1,Peaceful Area
YAMUNANAGAR,1.0,15.0,35.0,0.0,0.0,0.0,0.0,0.0,0.0,2.0,54,Peaceful Area
ZUNHEBOTO,0.0,6.0,0.0,0.0,0.0,0.0,0.0,0.0,0.0,0.0,6,Peaceful Area
