state,places of occurrence,Dacoity (Section 395-398 IPC) - Number of cases registered,Dacoity (Section 395-398 IPC) - Value Of Property Stolen (in rupees),"Robbery(Section 392-394, 397, 398 IPC) - Number of cases registered","Robbery(Section 392-394, 397, 398 IPC) - Value Of Property Stolen (in rupees)","Burglary(Section 449-452, 454, 455, 457-460 IPC) - Number of cases registered","Burglary(Section 449-452, 454, 455, 457-460 IPC) - Value Of Property Stolen (in rupees)",Theft (Section 379-382 IPC) - Number of cases registered,Theft (Section 379-382 IPC) - Value Of Property Stolen (in rupees),Area type
A & N ISLANDS,BANKS,0,0,1,8000,1,67,20,1023500,Peaceful Area
A & N ISLANDS,COMMERCIAL ESTABLISHMENTS,0,0,1,46000,110,8076009,144,7972946,Peaceful Area
A & N ISLANDS,HIGH-WAY,0,0,0,0,0,0,0,0,Peaceful Area
A & N ISLANDS,OTHER PLACES,15,1751150,64,1276271,188,5420837,668,23303016,Peaceful Area
A & N ISLANDS,RAILWAYS,0,0,0,0,0,0,0,0,Peaceful Area
A & N ISLANDS,RESIDENTIAL PREMISES,0,0,8,262800,592,22532809,252,8293804,Peaceful Area
A & N ISLANDS,RIVER & SEA,0,0,0,0,1,77000,40,1014681,Peaceful Area
A & N ISLANDS,RUNNING TRAINS,0,0,0,0,0,0,0,0,Peaceful Area
ANDHRA PRADESH,BANKS,7,7140004,13,5900160,262,59903655,478,36611901,Peaceful Area
ANDHRA PRADESH,COMMERCIAL ESTABLISHMENTS,74,40614413,232,13181844,12032,550034249,30960,771179762,Peaceful Area
ANDHRA PRADESH,HIGH-WAY,471,159136290,1486,127665304,504,18830121,3544,124294527,Peaceful Area
ANDHRA PRADESH,OTHER PLACES,544,125721415,3037,159986725,14226,582701182,141625,3792319889,Moderate Area
ANDHRA PRADESH,RAILWAYS,43,2749260,204,7055180,152,3836576,12577,344984179,Peaceful Area
ANDHRA PRADESH,RESIDENTIAL PREMISES,845,140241750,2612,178160979,70059,2600904141,97567,2331639406,Moderate Area
ANDHRA PRADESH,RIVER & SEA,3,154345,21,343530,101,1412516,439,7442340,Peaceful Area
ANDHRA PRADESH,RUNNING TRAINS,22,304680,80,4140268,1,53900,6373,197987272,Peaceful Area
ARUNACHAL PRADESH,BANKS,1,3058350,0,0,1,7000,0,0,Peaceful Area
ARUNACHAL PRADESH,COMMERCIAL ESTABLISHMENTS,29,214312119,164,4712561,654,27058577,758,45219092,Peaceful Area
ARUNACHAL PRADESH,HIGH-WAY,19,3193076,69,3686906,9,1493216,128,10701678,Peaceful Area
ARUNACHAL PRADESH,OTHER PLACES,92,15276978,288,12678360,767,185131565,2045,267280560,Peaceful Area
ARUNACHAL PRADESH,RAILWAYS,0,0,0,0,0,0,0,0,Peaceful Area
ARUNACHAL PRADESH,RESIDENTIAL PREMISES,119,12610253,321,10614851,1349,95901433,2243,126510565,Peaceful Area
ARUNACHAL PRADESH,RIVER & SEA,0,0,1,250000,0,0,4,112000,Peaceful Area
ARUNACHAL PRADESH,RUNNING TRAINS,0,0,0,0,0,0,0,0,Peaceful Area
ASSAM,BANKS,15,8333201,31,2642811,24,2014975,82,5969085,Peaceful Area
ASSAM,COMMERCIAL ESTABLISHMENTS,288,18216702,882,21819081,5545,115122696,11229,429642418,Peaceful Area
ASSAM,HIGH-WAY,420,29159191,991,38789826,515,14113788,1833,67514299,Peaceful Area
ASSAM,OTHER PLACES,782,117359387,3129,86348870,10104,125802347,33996,971575406,Peaceful Area
ASSAM,RAILWAYS,34,2428669,63,973932,173,1511065,1243,27231930,Peaceful Area
ASSAM,RESIDENTIAL PREMISES,2612,160826544,2357,61444652,18375,264721716,37042,817674827,Peaceful Area
ASSAM,RIVER & SEA,19,729083,14,1044700,16,246837,50,986731,Peaceful Area
ASSAM,RUNNING TRAINS,18,441940,17,308400,9,569802,153,1484197,Peaceful Area
BIHAR,BANKS,154,78552309,97,26473870,36,2165067,90,7396651,Peaceful Area
BIHAR,COMMERCIAL ESTABLISHMENTS,399,33634801,862,27331319,2711,40315630,14233,264507788,Peaceful Area
BIHAR,HIGH-WAY,1934,195798296,11913,450353530,267,2875400,4665,127196333,Peaceful Area
BIHAR,OTHER PLACES,1492,97821119,7351,224537415,6409,93325151,55678,1162015719,Peaceful Area
BIHAR,RAILWAYS,510,15680087,594,13373672,125,3978953,14925,307676865,Peaceful Area
BIHAR,RESIDENTIAL PREMISES,6606,336993167,2823,71954907,30745,329409457,63752,840540519,Peaceful Area
BIHAR,RIVER & SEA,4,289000,26,690300,0,0,29,396250,Peaceful Area
BIHAR,RUNNING TRAINS,444,12797916,384,8258084,56,647880,10201,98382972,Peaceful Area
CHANDIGARH,BANKS,1,0,0,0,15,7000,8,30000,Peaceful Area
CHANDIGARH,COMMERCIAL ESTABLISHMENTS,10,120233400,56,1446170,946,47191499,4303,195631764,Peaceful Area
CHANDIGARH,HIGH-WAY,0,0,0,0,0,0,0,0,Peaceful Area
CHANDIGARH,OTHER PLACES,17,199900,295,9880201,178,5218740,7265,343426430,Peaceful Area
CHANDIGARH,RAILWAYS,0,0,0,0,0,0,0,0,Peaceful Area
CHANDIGARH,RESIDENTIAL PREMISES,3,549000,46,2519220,1808,90687816,6898,325750538,Peaceful Area
CHANDIGARH,RIVER & SEA,0,0,0,0,0,0,0,0,Peaceful Area
CHANDIGARH,RUNNING TRAINS,0,0,0,0,0,0,0,0,Peaceful Area
CHHATTISGARH,BANKS,22,39735825,47,14101096,103,2941076,417,11380831,Peaceful Area
CHHATTISGARH,COMMERCIAL ESTABLISHMENTS,61,4509469,133,3413655,3459,99510902,4792,151530615,Peaceful Area
CHHATTISGARH,HIGH-WAY,122,23030240,706,42594154,321,6208537,731,39869047,Peaceful Area
CHHATTISGARH,OTHER PLACES,551,55396548,3510,154873025,5493,161832351,37843,1256558667,Peaceful Area
CHHATTISGARH,RAILWAYS,72,3161102,96,1335731,34,893518,2878,76697197,Peaceful Area
CHHATTISGARH,RESIDENTIAL PREMISES,636,86871387,619,17154421,35246,567854598,16201,396272345,Peaceful Area
CHHATTISGARH,RIVER & SEA,4,550124,2,4000,0,0,11,135950,Peaceful Area
CHHATTISGARH,RUNNING TRAINS,3,479130,31,652563,10,300000,1675,58441856,Peaceful Area
D & N HAVELI,BANKS,0,0,0,0,4,317314,3,135623,Peaceful Area
D & N HAVELI,COMMERCIAL ESTABLISHMENTS,10,4701391,3,253000,143,29739798,203,72322463,Peaceful Area
D & N HAVELI,HIGH-WAY,1,1179750,6,1169750,0,0,11,2589600,Peaceful Area
D & N HAVELI,OTHER PLACES,12,1180505,11,834675,70,7850834,245,20069623,Peaceful Area
D & N HAVELI,RAILWAYS,0,0,0,0,0,0,0,0,Peaceful Area
D & N HAVELI,RESIDENTIAL PREMISES,17,2953100,10,1680407,171,12440501,292,24993550,Peaceful Area
D & N HAVELI,RIVER & SEA,0,0,0,0,0,0,19,386390,Peaceful Area
D & N HAVELI,RUNNING TRAINS,0,0,0,0,0,0,0,0,Peaceful Area
DAMAN & DIU,BANKS,0,0,1,0,3,0,0,0,Peaceful Area
DAMAN & DIU,COMMERCIAL ESTABLISHMENTS,14,8724729,5,1012680,226,62690866,89,11357939,Peaceful Area
DAMAN & DIU,HIGH-WAY,0,0,0,0,0,0,1,220000,Peaceful Area
DAMAN & DIU,OTHER PLACES,15,2553300,15,9160100,48,2695178,418,39189512,Peaceful Area
DAMAN & DIU,RAILWAYS,0,0,0,0,0,0,0,0,Peaceful Area
DAMAN & DIU,RESIDENTIAL PREMISES,4,79800,2,164000,203,18387030,49,1538975,Peaceful Area
DAMAN & DIU,RIVER & SEA,1,500000,0,0,0,0,7,154000,Peaceful Area
DAMAN & DIU,RUNNING TRAINS,0,0,0,0,0,0,0,0,Peaceful Area
DELHI,BANKS,3,1766296,3,12378500,14,2453000,138,3274253,Peaceful Area
DELHI,COMMERCIAL ESTABLISHMENTS,63,34385172,453,113109476,3887,328697759,16116,1171245570,Peaceful Area
DELHI,HIGH-WAY,17,1714980,371,28283629,0,0,1128,23659457,Peaceful Area
DELHI,OTHER PLACES,144,90360140,4452,1237970141,3496,709771097,147093,8833122464,Moderate Area
DELHI,RAILWAYS,9,629500,90,3642825,9,357678,10304,356580102,Peaceful Area
DELHI,RESIDENTIAL PREMISES,145,54743530,1092,156156232,16149,1422639626,56767,4433023972,Moderate Area
DELHI,RIVER & SEA,0,0,0,0,0,0,0,0,Peaceful Area
DELHI,RUNNING TRAINS,5,580000,30,187900,0,0,2448,63143076,Peaceful Area
GOA,BANKS,0,0,5,120000,53,337558,22,5388689,Peaceful Area
GOA,COMMERCIAL ESTABLISHMENTS,6,9063200,27,14064276,1012,83178340,793,60721175,Peaceful Area
GOA,HIGH-WAY,7,4969700,40,16023528,0,0,88,11257879,Peaceful Area
GOA,OTHER PLACES,17,3825582,162,11097852,646,34612080,5825,447783824,Peaceful Area
GOA,RAILWAYS,1,4000,3,29100,2,27950,121,7468058,Peaceful Area
GOA,RESIDENTIAL PREMISES,24,5640400,58,5521575,1987,157264664,1182,90166094,Peaceful Area
GOA,RIVER & SEA,0,0,3,27000,0,0,14,1602900,Peaceful Area
GOA,RUNNING TRAINS,0,0,1,21500,0,0,72,5776806,Peaceful Area
GUJARAT,BANKS,15,5885741,28,12239307,268,15584734,236,14539771,Peaceful Area
GUJARAT,COMMERCIAL ESTABLISHMENTS,445,351304931,963,104984870,10782,623278307,25015,1044876072,Peaceful Area
GUJARAT,HIGH-WAY,528,238973311,1039,158114818,70,2656299,1470,157178931,Peaceful Area
GUJARAT,OTHER PLACES,1621,940986050,9578,480995832,12902,839573456,131614,5829135947,Moderate Area
GUJARAT,RAILWAYS,59,16684845,514,7505768,28,827209,8107,179728056,Peaceful Area
GUJARAT,RESIDENTIAL PREMISES,1166,615041719,2245,117009510,36635,1801929738,46649,1697827772,Moderate Area
GUJARAT,RIVER & SEA,8,2331600,16,1116285,4,292450,116,40896808,Peaceful Area
GUJARAT,RUNNING TRAINS,47,2171945,344,5042994,26,809709,3783,124874648,Peaceful Area
HARYANA,BANKS,15,20998897,57,18960042,278,8907717,303,23805309,Peaceful Area
HARYANA,COMMERCIAL ESTABLISHMENTS,91,51333247,490,48945758,9135,274521663,20822,734396006,Peaceful Area
HARYANA,HIGH-WAY,349,229154262,1088,268794658,282,8011492,3960,175604893,Peaceful Area
HARYANA,OTHER PLACES,669,238803139,3377,551163836,5557,218998330,69770,2813291986,Moderate Area
HARYANA,RAILWAYS,25,1806282,137,2925192,87,1452561,4209,95154315,Peaceful Area
HARYANA,RESIDENTIAL PREMISES,225,58161052,716,149220115,31165,1066042243,32329,1241809398,Peaceful Area
HARYANA,RIVER & SEA,1,918000,6,742000,0,0,1,20000,Peaceful Area
HARYANA,RUNNING TRAINS,18,534982,37,484246,4,6239,1141,20887905,Peaceful Area
HIMACHAL PRADESH,BANKS,3,1756895,8,1833097,180,1606239,41,5315896,Peaceful Area
HIMACHAL PRADESH,COMMERCIAL ESTABLISHMENTS,6,7739192,17,851934,2101,165129020,874,72132210,Peaceful Area
HIMACHAL PRADESH,HIGH-WAY,6,3924858,33,9015457,0,0,348,83190049,Peaceful Area
HIMACHAL PRADESH,OTHER PLACES,24,5605600,147,12478756,2843,146466582,7229,552750917,Peaceful Area
HIMACHAL PRADESH,RAILWAYS,0,0,1,900,0,0,10,666650,Peaceful Area
HIMACHAL PRADESH,RESIDENTIAL PREMISES,6,1589400,30,2303950,4565,240060859,1155,67245974,Peaceful Area
HIMACHAL PRADESH,RIVER & SEA,0,0,0,0,0,0,1,0,Peaceful Area
HIMACHAL PRADESH,RUNNING TRAINS,0,0,0,0,0,0,10,666650,Peaceful Area
JAMMU & KASHMIR,BANKS,13,13785427,34,9187977,45,2378090,6,420000,Peaceful Area
JAMMU & KASHMIR,COMMERCIAL ESTABLISHMENTS,6,705390,86,5234688,3653,135379411,2874,146255283,Peaceful Area
JAMMU & KASHMIR,HIGH-WAY,3,153824,23,4533615,40,3212015,291,29054941,Peaceful Area
JAMMU & KASHMIR,OTHER PLACES,78,3524269,781,49009759,4178,130374407,15801,615488986,Peaceful Area
JAMMU & KASHMIR,RAILWAYS,0,0,10,534200,80,3202622,675,16828209,Peaceful Area
JAMMU & KASHMIR,RESIDENTIAL PREMISES,88,3219800,378,23351768,9054,315385915,6024,251384293,Peaceful Area
JAMMU & KASHMIR,RIVER & SEA,0,0,0,0,0,0,96,1668752,Peaceful Area
JAMMU & KASHMIR,RUNNING TRAINS,0,0,0,0,0,0,10,715790,Peaceful Area
JHARKHAND,BANKS,85,67422478,91,24640890,14,829520,211,3563955,Peaceful Area
JHARKHAND,COMMERCIAL ESTABLISHMENTS,163,25777307,395,22402167,1148,25138925,9924,249011230,Peaceful Area
JHARKHAND,HIGH-WAY,1971,150247310,4105,149605154,47,673633,3131,71909739,Peaceful Area
JHARKHAND,OTHER PLACES,740,67725180,1708,85503927,1397,26429499,22572,531163658,Peaceful Area
JHARKHAND,RAILWAYS,190,7499720,280,3527785,60,902096,3147,59458664,Peaceful Area
JHARKHAND,RESIDENTIAL PREMISES,2757,156131260,2124,63012746,14014,210666903,32328,423973925,Peaceful Area
JHARKHAND,RIVER & SEA,0,0,8,234500,0,0,9,114832,Peaceful Area
JHARKHAND,RUNNING TRAINS,111,4503665,101,1594098,0,0,1369,26455201,Peaceful Area
KARNATAKA,BANKS,20,4943989,124,15607762,510,120631222,704,67325009,Peaceful Area
KARNATAKA,COMMERCIAL ESTABLISHMENTS,147,90894972,708,67378939,12051,693696897,21616,915260602,Peaceful Area
KARNATAKA,HIGH-WAY,317,172425241,734,120522430,401,32898269,1809,157114325,Peaceful Area
KARNATAKA,OTHER PLACES,1356,357587325,12346,809071379,12650,976724992,120166,4644606509,Moderate Area
KARNATAKA,RAILWAYS,29,717828,274,11068876,118,3225620,5535,237380406,Peaceful Area
KARNATAKA,RESIDENTIAL PREMISES,710,128770829,3098,166790924,47568,2328451516,50098,1660531975,Moderate Area
KARNATAKA,RIVER & SEA,2,101300,3,22594,0,0,32,1342940,Peaceful Area
KARNATAKA,RUNNING TRAINS,19,567408,166,8179424,5,176491,3769,176009231,Peaceful Area
KERALA,BANKS,7,50916778,21,474375,267,217714029,71,13497448,Peaceful Area
KERALA,COMMERCIAL ESTABLISHMENTS,175,124328853,520,29752941,8288,480549448,4533,188254738,Peaceful Area
KERALA,HIGH-WAY,134,104035451,365,30781039,104,3526559,1067,54684520,Peaceful Area
KERALA,OTHER PLACES,759,185847613,5467,208415655,12314,608430455,37218,1449668378,Peaceful Area
KERALA,RAILWAYS,3,976350,48,1378125,24,1131004,2296,107703285,Peaceful Area
KERALA,RESIDENTIAL PREMISES,282,55610941,1907,71127894,25373,1422639733,17123,1144481562,Peaceful Area
KERALA,RIVER & SEA,4,195000,1,134600,1,168000,45,2946160,Peaceful Area
KERALA,RUNNING TRAINS,1,484300,33,992125,3,178300,1737,93104910,Peaceful Area
LAKSHADWEEP,BANKS,0,0,0,0,1,16795,1,10000,Peaceful Area
LAKSHADWEEP,COMMERCIAL ESTABLISHMENTS,0,0,0,0,6,70150,31,295816,Peaceful Area
LAKSHADWEEP,HIGH-WAY,0,0,0,0,0,0,0,0,Peaceful Area
LAKSHADWEEP,OTHER PLACES,1,200000,0,0,11,85160,30,682858,Peaceful Area
LAKSHADWEEP,RAILWAYS,0,0,0,0,0,0,0,0,Peaceful Area
LAKSHADWEEP,RESIDENTIAL PREMISES,2,300000,0,0,18,791310,50,612312,Peaceful Area
LAKSHADWEEP,RIVER & SEA,0,0,0,0,0,0,1,6000,Peaceful Area
LAKSHADWEEP,RUNNING TRAINS,0,0,0,0,0,0,0,0,Peaceful Area
MADHYA PRADESH,BANKS,11,4184066,63,13447022,193,9169801,266,13285658,Peaceful Area
MADHYA PRADESH,COMMERCIAL ESTABLISHMENTS,113,27722726,650,38370855,14999,375151466,25211,572237598,Peaceful Area
MADHYA PRADESH,HIGH-WAY,249,104649705,2909,302694118,205,3625967,6662,265255529,Peaceful Area
MADHYA PRADESH,OTHER PLACES,683,7154585003,15345,636729069,21316,354891433,119995,2850434476,Moderate Area
MADHYA PRADESH,RAILWAYS,24,3014350,488,15657666,115,2167413,18381,346894552,Peaceful Area
MADHYA PRADESH,RESIDENTIAL PREMISES,572,145860456,2819,104176311,100474,1876617579,92834,2034421670,Moderate Area
MADHYA PRADESH,RIVER & SEA,3,435000,40,1575509,44,851435,511,5956513,Peaceful Area
MADHYA PRADESH,RUNNING TRAINS,20,2900400,249,8147198,3,14000,11717,271084244,Peaceful Area
MAHARASHTRA,BANKS,50,41244126,125,30542925,1153,123261100,1242,184876914,Peaceful Area
MAHARASHTRA,COMMERCIAL ESTABLISHMENTS,641,296224891,1957,1444357528,33323,3074791468,42434,2436989619,Moderate Area
MAHARASHTRA,HIGH-WAY,933,413078265,3570,543813146,185,9715109,5043,476294166,Peaceful Area
MAHARASHTRA,OTHER PLACES,4530,811490680,26581,2013958985,33483,1725121071,368305,23281947305,Sensitive Area
MAHARASHTRA,RAILWAYS,149,6822389,1251,34016180,125,6728865,36957,908923821,Peaceful Area
MAHARASHTRA,RESIDENTIAL PREMISES,1860,269373254,4221,251554518,117344,6007470884,102193,4915371389,Moderate Area
MAHARASHTRA,RIVER & SEA,12,1101731,14,206990,4,260190,633,138585970,Peaceful Area
MAHARASHTRA,RUNNING TRAINS,118,5237254,534,12870620,6,79425,17051,559856631,Peaceful Area
MANIPUR,BANKS,0,0,0,0,1,150000,6,224900,Peaceful Area
MANIPUR,COMMERCIAL ESTABLISHMENTS,0,0,1,6300,341,29344980,813,38433345,Peaceful Area
MANIPUR,HIGH-WAY,26,2064890,28,1763490,7,168000,362,53651212,Peaceful Area
MANIPUR,OTHER PLACES,17,1979305,44,5578904,171,6276272,2605,139203358,Peaceful Area
MANIPUR,RAILWAYS,0,0,0,0,0,0,0,0,Peaceful Area
MANIPUR,RESIDENTIAL PREMISES,5,226900,10,1116700,235,31827799,1043,48566671,Peaceful Area
MANIPUR,RIVER & SEA,0,0,0,0,0,0,5,26000,Peaceful Area
MANIPUR,RUNNING TRAINS,0,0,0,0,0,0,0,0,Peaceful Area
MEGHALAYA,BANKS,2,9490620,1,150000,5,73300,0,0,Peaceful Area
MEGHALAYA,COMMERCIAL ESTABLISHMENTS,59,1340745,78,850913,212,13364183,648,121535227,Peaceful Area
MEGHALAYA,HIGH-WAY,265,20421774,306,8240039,11,289672,194,37395745,Peaceful Area
MEGHALAYA,OTHER PLACES,264,9178456,398,8180396,630,17991589,3129,213287934,Peaceful Area
MEGHALAYA,RAILWAYS,0,0,0,0,0,0,0,0,Peaceful Area
MEGHALAYA,RESIDENTIAL PREMISES,208,14086937,189,6453347,1030,94733881,2031,275528286,Peaceful Area
MEGHALAYA,RIVER & SEA,0,0,0,0,0,0,2,0,Peaceful Area
MEGHALAYA,RUNNING TRAINS,0,0,0,0,0,0,0,0,Peaceful Area
MIZORAM,BANKS,0,0,0,0,2,70864,0,0,Peaceful Area
MIZORAM,COMMERCIAL ESTABLISHMENTS,2,23000,0,0,887,22397196,1935,44709139,Peaceful Area
MIZORAM,HIGH-WAY,13,1008315,46,2363596,126,2324874,170,5422806,Peaceful Area
MIZORAM,OTHER PLACES,13,160850,41,228465,1032,31427327,3160,66982408,Peaceful Area
MIZORAM,RAILWAYS,0,0,0,0,0,0,13,1336305,Peaceful Area
MIZORAM,RESIDENTIAL PREMISES,10,116405,24,1698140,2701,105267352,4518,204238202,Peaceful Area
MIZORAM,RIVER & SEA,7,286546,3,76365,0,0,7,170283,Peaceful Area
MIZORAM,RUNNING TRAINS,0,0,0,0,0,0,0,0,Peaceful Area
NAGALAND,BANKS,1,7537,6,805300,2,23326000,33,14259100,Peaceful Area
NAGALAND,COMMERCIAL ESTABLISHMENTS,9,131330,103,16481282,249,12641017,704,101301599,Peaceful Area
NAGALAND,HIGH-WAY,52,7566553,337,36513917,11,810000,242,31793361,Peaceful Area
NAGALAND,OTHER PLACES,31,2400359,335,911234486,353,46415808,1209,171848104,Peaceful Area
NAGALAND,RAILWAYS,1,450000,13,377850,1,4000,13,521440,Peaceful Area
NAGALAND,RESIDENTIAL PREMISES,31,1249503,248,79588635,530,70365546,1601,308565960,Peaceful Area
NAGALAND,RIVER & SEA,0,0,0,0,0,0,0,0,Peaceful Area
NAGALAND,RUNNING TRAINS,0,0,0,0,0,0,2,13950,Peaceful Area
ODISHA,BANKS,87,78629520,69,9244688,260,48076224,91,5169514,Peaceful Area
ODISHA,COMMERCIAL ESTABLISHMENTS,382,91425190,1445,82013568,5843,290022577,7925,353707652,Peaceful Area
ODISHA,HIGH-WAY,735,212177255,4403,258618150,179,1583026,1429,112405067,Peaceful Area
ODISHA,OTHER PLACES,1078,211639106,6018,323589300,7930,419326795,44309,1972683821,Peaceful Area
ODISHA,RAILWAYS,32,9148973,400,8363264,94,1413081,6385,201095258,Peaceful Area
ODISHA,RESIDENTIAL PREMISES,1067,136318271,2366,89033044,22199,651168286,22640,816319198,Peaceful Area
ODISHA,RIVER & SEA,0,0,4,91000,0,0,58,1270250,Peaceful Area
ODISHA,RUNNING TRAINS,13,298987,71,2265427,0,0,3678,102916621,Peaceful Area
PUDUCHERRY,BANKS,0,0,0,0,0,0,0,0,Peaceful Area
PUDUCHERRY,COMMERCIAL ESTABLISHMENTS,6,143000,10,974884,280,15961223,445,15776355,Peaceful Area
PUDUCHERRY,HIGH-WAY,0,0,0,0,0,0,0,0,Peaceful Area
PUDUCHERRY,OTHER PLACES,22,7847400,61,8752845,129,1445647,5981,135128125,Peaceful Area
PUDUCHERRY,RAILWAYS,0,0,0,0,0,0,0,0,Peaceful Area
PUDUCHERRY,RESIDENTIAL PREMISES,10,607000,18,3089500,655,43636265,939,24656266,Peaceful Area
PUDUCHERRY,RIVER & SEA,0,0,0,0,0,0,1,250000,Peaceful Area
PUDUCHERRY,RUNNING TRAINS,0,0,0,0,0,0,0,0,Peaceful Area
PUNJAB,BANKS,17,8393050,53,37885581,351,19588117,208,9546525,Peaceful Area
PUNJAB,COMMERCIAL ESTABLISHMENTS,49,24511274,228,45589886,6388,424521792,7446,659933562,Peaceful Area
PUNJAB,HIGH-WAY,34,11329690,163,32954757,22,1713050,1753,93974552,Peaceful Area
PUNJAB,OTHER PLACES,250,65492323,1058,229322075,6508,442121473,27169,1906263742,Peaceful Area
PUNJAB,RAILWAYS,3,405900,12,828120,4,44947,499,25466026,Peaceful Area
PUNJAB,RESIDENTIAL PREMISES,107,68850810,314,57919167,14348,814315556,13421,966456646,Peaceful Area
PUNJAB,RIVER & SEA,0,0,0,0,0,0,7,614400,Peaceful Area
PUNJAB,RUNNING TRAINS,2,111850,2,2360,0,0,133,10977143,Peaceful Area
RAJASTHAN,BANKS,2,2367000,30,21073361,281,29826405,11,1888900,Peaceful Area
RAJASTHAN,COMMERCIAL ESTABLISHMENTS,47,21034191,225,39107703,15034,517410145,12556,807512793,Peaceful Area
RAJASTHAN,HIGH-WAY,136,135955005,769,245676162,0,0,1452,198599002,Peaceful Area
RAJASTHAN,OTHER PLACES,279,75700582,7723,667703983,11200,424285379,180296,6442723755,Moderate Area
RAJASTHAN,RAILWAYS,16,916463,52,10255784,6,4607,5985,100708964,Peaceful Area
RAJASTHAN,RESIDENTIAL PREMISES,83,42073350,272,8721270,38747,1123842725,32628,1081875132,Peaceful Area
RAJASTHAN,RIVER & SEA,0,0,0,0,0,0,46,399926,Peaceful Area
RAJASTHAN,RUNNING TRAINS,13,895900,30,1111370,0,0,3995,71654147,Peaceful Area
SIKKIM,BANKS,0,0,0,0,12,1033000,9,175500,Peaceful Area
SIKKIM,COMMERCIAL ESTABLISHMENTS,0,0,4,133000,99,5008925,88,6728210,Peaceful Area
SIKKIM,HIGH-WAY,1,31500,3,1857000,0,0,33,1907350,Peaceful Area
SIKKIM,OTHER PLACES,2,130500,33,1116800,159,3212443,388,13081040,Peaceful Area
SIKKIM,RAILWAYS,0,0,2,3000,0,0,0,0,Peaceful Area
SIKKIM,RESIDENTIAL PREMISES,3,283000,22,640800,607,25759913,501,17159733,Peaceful Area
SIKKIM,RIVER & SEA,0,0,0,0,0,0,0,0,Peaceful Area
SIKKIM,RUNNING TRAINS,0,0,0,0,0,0,0,0,Peaceful Area
TAMIL NADU,BANKS,6,15516340,18,4690782,207,25855579,148,5531584,Peaceful Area
TAMIL NADU,COMMERCIAL ESTABLISHMENTS,80,151079649,753,48084102,6278,305792947,26134,635589084,Peaceful Area
TAMIL NADU,HIGH-WAY,216,198956923,920,79037816,37,999182,4304,184718861,Peaceful Area
TAMIL NADU,OTHER PLACES,505,245346792,6572,367042401,11207,347985089,105059,2186301036,Moderate Area
TAMIL NADU,RAILWAYS,14,5852538,245,6852687,47,432967,2956,82840644,Peaceful Area
TAMIL NADU,RESIDENTIAL PREMISES,414,135296528,2752,189174873,35562,1474771430,46398,1101796407,Peaceful Area
TAMIL NADU,RIVER & SEA,2,24900,12,150830,1,16000,161,2570784,Peaceful Area
TAMIL NADU,RUNNING TRAINS,6,1924200,125,3798624,0,0,1534,63367373,Peaceful Area
TRIPURA,BANKS,14,993109,28,1020281,23,886000,116,8943577,Peaceful Area
TRIPURA,COMMERCIAL ESTABLISHMENTS,5,324800,86,1904964,371,14968672,790,31469681,Peaceful Area
TRIPURA,HIGH-WAY,7,358520,25,272190,0,0,21,126464,Peaceful Area
TRIPURA,OTHER PLACES,47,5575602,255,4981106,443,13999456,1246,79832396,Peaceful Area
TRIPURA,RAILWAYS,1,50000,0,0,37,1198906,62,1324000,Peaceful Area
TRIPURA,RESIDENTIAL PREMISES,152,13148872,383,6319099,1530,43432745,2388,84244877,Peaceful Area
TRIPURA,RIVER & SEA,0,0,0,0,0,0,0,0,Peaceful Area
TRIPURA,RUNNING TRAINS,1,50000,0,0,0,0,2,127300,Peaceful Area
UTTAR PRADESH,BANKS,30,25718583,97,82519907,41,14089616,9,4460757,Peaceful Area
UTTAR PRADESH,COMMERCIAL ESTABLISHMENTS,130,51866693,312,26130349,3974,152855981,10103,364646834,Peaceful Area
UTTAR PRADESH,HIGH-WAY,849,331146342,13737,1376013205,79,1221090,109154,3415585713,Moderate Area
UTTAR PRADESH,OTHER PLACES,1764,150026304,13198,687284655,15558,1269106725,113992,2518515676,Moderate Area
UTTAR PRADESH,RAILWAYS,170,6478219,692,13708934,18,140300,23670,301711591,Peaceful Area
UTTAR PRADESH,RESIDENTIAL PREMISES,1864,210389056,2725,174867919,45917,1647464018,55119,1888338072,Moderate Area
UTTAR PRADESH,RIVER & SEA,2,20110,6,260920,0,0,0,0,Peaceful Area
UTTAR PRADESH,RUNNING TRAINS,148,6293252,537,10266085,0,0,16863,238397581,Peaceful Area
UTTARAKHAND,BANKS,8,4303592,10,3902706,8,756234,14,455600,Peaceful Area
UTTARAKHAND,COMMERCIAL ESTABLISHMENTS,23,12763960,41,2172288,883,30273336,1647,65202706,Peaceful Area
UTTARAKHAND,HIGH-WAY,53,11269500,726,70778517,10,101972,442,15866351,Peaceful Area
UTTARAKHAND,OTHER PLACES,107,25166554,902,48501030,1132,41304307,10947,434322330,Peaceful Area
UTTARAKHAND,RAILWAYS,0,0,7,439215,12,18215,449,4542834,Peaceful Area
UTTARAKHAND,RESIDENTIAL PREMISES,166,17243150,304,16768019,3533,135044496,6536,211582401,Peaceful Area
UTTARAKHAND,RIVER & SEA,0,0,0,0,0,0,0,0,Peaceful Area
UTTARAKHAND,RUNNING TRAINS,0,0,5,329215,0,0,176,2245074,Peaceful Area
WEST BENGAL,BANKS,87,72261476,174,15940558,17,5533495,103,27128015,Peaceful Area
WEST BENGAL,COMMERCIAL ESTABLISHMENTS,286,128639913,569,40412444,425,48401161,19296,3266732636,Moderate Area
WEST BENGAL,HIGH-WAY,274,58009544,921,94634174,7,1264865,1032,88977969,Peaceful Area
WEST BENGAL,OTHER PLACES,1034,228580285,4415,209916261,2048,58546811,95567,5272425971,Moderate Area
WEST BENGAL,RAILWAYS,75,5460663,229,7068106,5,275600,9352,103643242,Peaceful Area
WEST BENGAL,RESIDENTIAL PREMISES,886,153181039,1036,63140648,2998,150174601,65111,4219000113,Moderate Area
WEST BENGAL,RIVER & SEA,0,0,10,300000,0,0,7,129512,Peaceful Area
WEST BENGAL,RUNNING TRAINS,66,4775263,194,5140307,1,200000,6295,72772909,Peaceful Area
