DISTRICT,Murder,Rape,Kidnapping Abduction,Dacoity,Robbery,Arson,Hurt,Protection of Civil Rights (PCR) Act,Prevention of atrocities (POA) Act,Other Crimes Against STs,Area
24 PARGANAS NORTH,0,3,1,0,0,0,0,0,10,7,Peaceful Area
24 PARGANAS SOUTH,0,0,0,0,0,0,0,0,0,0,Peaceful Area
A and N ISLANDS,0,0,0,0,0,0,0,0,0,1,Peaceful Area
ADILABAD,1,45,10,0,0,0,25,1,32,155,Sensitive Area
AGRA,0,1,0,0,0,0,0,0,0,6,Peaceful Area
AHMEDABAD COMMR.,3,3,11,0,2,0,1,0,13,8,Peaceful Area
AHMEDABAD RURAL,2,5,2,0,0,0,5,0,13,8,Peaceful Area
AHMEDNAGAR,8,30,1,0,0,12,4,0,13,52,Sensitive Area
AHWA-DANG,0,2,0,0,0,0,0,0,1,2,Peaceful Area
AIZAWL,0,0,0,0,2,0,0,0,0,0,Peaceful Area
AJMER,1,6,1,0,0,1,5,0,4,144,Peaceful Area
AKOLA,0,4,0,0,0,1,2,0,5,25,Peaceful Area
ALAPUZHA,0,1,0,0,0,0,2,0,0,4,Peaceful Area
ALIGARH,2,0,0,0,0,0,0,0,0,29,Peaceful Area
ALIRAJPUR,1,9,1,0,0,0,3,0,0,9,Peaceful Area
ALLAHABAD,1,0,0,0,0,0,0,0,18,0,Peaceful Area
ALMORA,0,0,0,0,0,0,0,0,0,0,Peaceful Area
ALWAR,22,12,0,0,0,10,17,0,54,506,Sensitive Area
AMBALA,0,0,0,0,0,0,0,0,0,0,Peaceful Area
AMBALA RURAL,0,0,0,0,0,0,0,0,0,0,Peaceful Area
AMBALA URBAN,0,0,0,0,0,0,0,0,0,0,Peaceful Area
AMBEDKAR NAGAR,0,0,0,0,0,0,0,0,0,14,Peaceful Area
AMRAVATI COMMR.,0,5,0,0,0,0,2,0,8,10,Peaceful Area
AMRAVATI RURAL,4,41,3,0,1,1,4,0,13,61,Peaceful Area
AMRELI,0,1,0,0,1,0,4,0,1,7,Peaceful Area
AMRITSAR,0,0,0,0,0,0,0,0,0,0,Peaceful Area
AMRITSAR RURAL,0,0,0,0,0,0,0,0,0,0,Peaceful Area
ANAND,2,4,3,0,0,0,5,1,9,7,Peaceful Area
ANANTAPUR,1,12,0,0,0,2,87,0,157,112,Sensitive Area
ANANTNAG,0,0,0,0,0,0,0,0,0,0,Peaceful Area
ANDAMAN,1,2,1,0,0,0,1,0,5,23,Peaceful Area
ANGUL,2,14,2,0,0,0,81,0,142,286,Sensitive Area
ANJAW,0,0,0,0,0,0,0,0,0,0,Peaceful Area
ANUPPUR,12,56,5,1,1,1,27,0,0,145,Sensitive Area
ARARIA,6,8,1,0,0,2,40,0,60,2,Peaceful Area
ARIYALUR,0,0,0,0,0,0,0,0,0,0,Peaceful Area
ARWAL,0,0,0,0,0,0,0,0,0,0,Peaceful Area
ASANSOL,0,0,0,0,0,0,0,0,3,2,Peaceful Area
ASHOK NAGAR,7,28,2,1,0,4,38,0,0,66,Peaceful Area
AURAIYA,0,0,0,0,0,0,0,0,0,12,Peaceful Area
AURANGABAD,0,0,0,0,0,0,0,0,0,9,Peaceful Area
AURANGABAD COMMR.,0,1,0,0,0,0,0,0,0,5,Peaceful Area
AURANGABAD RURAL,3,9,2,0,1,5,2,0,9,27,Peaceful Area
AWANTIPORA,0,0,0,0,0,0,0,0,0,0,Peaceful Area
AZAMGARH,0,0,0,0,0,0,0,0,0,7,Peaceful Area
BADAUN,0,0,0,0,0,0,0,0,0,0,Peaceful Area
BADDIPOLICEDIST,0,0,0,0,0,0,0,0,1,0,Peaceful Area
BAGAHA,0,0,0,0,0,0,0,6,9,0,Peaceful Area
BAGALKOT,7,4,2,0,0,1,27,0,92,59,Peaceful Area
BAGESHWAR,0,0,0,0,0,0,0,0,0,0,Peaceful Area
BAGHPAT,0,0,0,0,0,0,0,0,0,0,Peaceful Area
BAHRAICH,0,0,0,0,0,0,0,0,5,5,Peaceful Area
BAKSA,0,0,0,0,0,0,0,0,0,0,Peaceful Area
BALAGHAT,28,102,3,0,0,0,118,0,81,168,Sensitive Area
BALASORE,0,38,4,0,3,4,126,0,120,49,Sensitive Area
BALLIA,0,0,0,0,0,0,0,0,0,0,Peaceful Area
BALOD,0,5,0,0,0,0,0,0,0,3,Peaceful Area
BALODA BAZAR,0,3,0,0,0,0,3,0,0,4,Peaceful Area
BALRAMPUR,16,83,0,1,0,2,89,0,1,123,Sensitive Area
BANDA,0,0,0,0,0,0,0,0,0,10,Peaceful Area
BANDIPORA,0,0,0,0,0,0,0,0,0,0,Peaceful Area
BANGALORE COMMR.,1,1,0,0,0,0,10,0,3,1,Peaceful Area
BANGALORE RURAL,0,0,0,0,0,0,11,8,63,12,Peaceful Area
BANKA,0,0,0,0,0,0,6,0,22,7,Peaceful Area
BANKURA,0,1,0,0,0,0,1,0,5,9,Peaceful Area
BANSWARA,6,20,9,0,0,3,117,0,41,173,Sensitive Area
BARABANKI,0,0,0,0,0,1,0,0,0,2,Peaceful Area
BARAGARH,3,14,5,0,1,1,47,0,102,60,Sensitive Area
BARAMULLA,0,0,0,0,0,0,0,0,0,0,Peaceful Area
BARAN,10,57,11,0,0,2,42,0,97,327,Sensitive Area
BAREILLY,0,1,0,0,0,0,0,0,0,7,Peaceful Area
BARMER,7,10,1,0,0,2,17,0,96,392,Sensitive Area
BARNALA,0,0,0,0,0,0,0,0,0,0,Peaceful Area
BARPETA,0,0,0,0,0,0,0,0,0,0,Peaceful Area
BARWANI,11,42,4,0,0,0,158,0,16,155,Sensitive Area
BASKA,0,0,0,0,0,0,0,0,0,0,Peaceful Area
BASTI,0,0,0,0,0,0,0,0,0,0,Peaceful Area
BATALA,0,0,0,0,0,0,0,0,0,0,Peaceful Area
BDN CP,0,0,0,0,0,0,0,0,0,0,Peaceful Area
BEED,4,4,0,1,0,3,4,0,1,27,Peaceful Area
BEGUSARAI,0,0,0,0,0,0,0,0,2,0,Peaceful Area
BELGAUM,7,7,0,0,0,0,0,0,121,0,Peaceful Area
BELLARY,2,3,0,0,0,0,0,0,333,66,Sensitive Area
BEMETARA,0,1,0,0,0,0,0,0,0,1,Peaceful Area
BERHAMPUR,0,1,0,0,0,0,1,0,14,4,Peaceful Area
BETTIAH,0,0,0,0,0,0,0,0,30,0,Peaceful Area
BETUL,30,305,23,0,0,2,109,1,1,443,Sensitive Area
BHABHUA,0,0,0,0,0,0,0,0,54,3,Peaceful Area
BHADRAK,0,4,0,0,0,0,1,0,26,1,Peaceful Area
BHAGALPUR,1,1,1,0,0,0,9,0,24,9,Peaceful Area
BHANDARA,2,9,1,0,0,0,0,0,5,24,Peaceful Area
BHARATPUR,3,7,0,0,0,4,2,0,83,340,Sensitive Area
BHARUCH,15,19,7,1,1,1,73,0,136,57,Sensitive Area
BHATINDA,0,0,0,0,0,0,0,0,0,0,Peaceful Area
BHAVNAGAR,0,3,2,0,0,1,1,0,2,12,Peaceful Area
BHILWARA,4,19,0,0,0,6,1,0,172,253,Sensitive Area
BHIM NAGAR,0,0,0,0,0,0,0,0,0,0,Peaceful Area
BHIND,2,2,0,0,0,0,0,0,0,30,Peaceful Area
BHIWANI,0,0,0,0,0,0,0,0,0,0,Peaceful Area
BHOJPUR,0,0,0,0,0,0,0,0,0,0,Peaceful Area
BHOPAL,2,37,2,0,0,1,14,0,74,96,Peaceful Area
BHOPAL RLY.,0,1,0,0,0,0,0,0,1,0,Peaceful Area
BIDAR,0,1,0,0,0,0,2,0,14,9,Peaceful Area
BIEO,0,0,0,0,0,0,0,0,0,0,Peaceful Area
BIJAPUR,0,1,0,0,0,1,22,0,29,47,Peaceful Area
BIJNOR,0,0,0,0,0,0,0,0,0,3,Peaceful Area
BIKANER,0,2,0,0,0,0,0,0,4,38,Peaceful Area
BILASPUR,11,47,12,0,2,2,41,0,141,307,Sensitive Area
BIRBHUM,2,6,0,0,0,0,2,0,7,13,Peaceful Area
BISHNUPUR,0,1,0,0,0,0,0,0,0,0,Peaceful Area
BIZAPUR,0,3,0,0,0,0,1,0,13,18,Peaceful Area
BKP CP,0,0,0,0,0,0,0,0,2,0,Peaceful Area
BOKARO,0,0,0,0,0,0,0,3,19,12,Peaceful Area
BOLANGIR,16,26,9,1,16,5,71,0,182,214,Sensitive Area
BONGAIGAON,0,0,0,0,0,0,7,0,0,0,Peaceful Area
BORDER,0,0,0,0,0,0,0,0,0,0,Peaceful Area
BORDER DISTRICT,0,0,0,0,0,0,0,0,0,0,Peaceful Area
BOUDH,0,2,0,0,0,1,34,0,41,3,Peaceful Area
BUDGAM,0,0,0,0,0,0,0,0,0,0,Peaceful Area
BULANDSHAHAR,0,0,0,0,0,0,0,0,0,0,Peaceful Area
BULDHANA,3,14,1,0,1,0,1,0,6,32,Peaceful Area
BUNDI,8,19,4,0,1,2,72,0,29,375,Sensitive Area
BURDWAN,0,8,0,0,0,0,0,0,7,17,Peaceful Area
BURHANPUR,0,22,1,0,0,1,11,0,0,39,Peaceful Area
BUXAR,0,0,0,0,0,0,2,0,0,0,Peaceful Area
C.B.KASHMIR,0,0,0,0,0,0,0,0,0,0,Peaceful Area
C.I.D.,0,0,0,0,0,0,0,0,0,0,Peaceful Area
CACHAR,0,0,0,0,0,0,0,0,1,1,Peaceful Area
CAR,0,0,0,0,0,0,0,0,0,0,Peaceful Area
CAW,0,0,0,0,0,0,0,0,0,0,Peaceful Area
CBCID,0,0,0,0,0,0,0,0,2,0,Peaceful Area
CBPURA,0,0,0,0,0,0,0,0,54,54,Peaceful Area
CENTRAL,0,0,0,0,0,0,0,0,0,0,Peaceful Area
CHAIBASA,0,0,0,0,0,0,0,0,22,13,Peaceful Area
CHAMARAJNAGAR,0,0,0,0,0,0,0,0,5,20,Peaceful Area
CHAMBA,0,0,0,0,0,0,0,0,4,3,Peaceful Area
CHAMOLI,0,0,1,0,0,0,0,0,0,0,Peaceful Area
CHAMPAWAT,0,0,0,0,0,0,0,0,2,1,Peaceful Area
CHAMPHAI,0,1,0,0,0,0,2,0,0,0,Peaceful Area
CHANDEL,0,0,0,0,0,0,0,0,0,0,Peaceful Area
CHANDIGARH,0,0,0,0,0,0,0,0,0,0,Peaceful Area
CHANDOLI,0,0,0,0,0,0,0,0,0,0,Peaceful Area
CHANDRAPUR,2,39,3,0,0,0,5,0,13,110,Peaceful Area
CHANGLANG,2,0,6,0,0,0,14,0,0,18,Peaceful Area
CHATRA,3,5,2,0,0,32,5,10,19,18,Sensitive Area
CHENGAI,0,0,0,0,0,0,0,4,0,0,Peaceful Area
CHENNAI,0,0,0,0,0,0,0,0,0,0,Peaceful Area
CHENNAI RLY.,0,0,0,0,0,0,0,0,0,0,Peaceful Area
CHENNAISUBURBAN,0,0,0,0,0,0,0,0,0,0,Peaceful Area
CHHATARPUR,2,47,2,0,0,0,84,0,0,59,Peaceful Area
CHHINDWARA,25,179,13,0,0,1,51,0,0,349,Sensitive Area
CHICKMAGALUR,2,1,0,0,0,0,3,0,23,19,Peaceful Area
CHIRANG,0,0,0,0,0,0,0,0,0,0,Peaceful Area
CHITRADURGA,3,6,1,1,0,3,48,4,78,62,Peaceful Area
CHITRAKOOT DHAM,2,0,0,0,0,0,0,0,27,10,Peaceful Area
CHITTOOR,0,0,0,0,0,0,2,0,12,0,Peaceful Area
CHITTORGARH,4,49,3,0,0,5,2,0,131,461,Sensitive Area
CHURACHANDPUR,0,21,0,0,0,0,1,0,0,7,Peaceful Area
CHURU,1,2,1,0,0,0,44,0,1,27,Peaceful Area
CID,0,0,0,0,0,0,0,0,0,0,Peaceful Area
CID CRIME,0,0,0,0,0,0,0,0,0,0,Peaceful Area
COIMBATORE RURAL,0,0,0,0,0,0,0,0,0,0,Peaceful Area
COIMBATORE URBAN,0,0,0,0,0,0,0,0,0,0,Peaceful Area
COOCHBEHAR,0,0,0,0,0,0,0,0,0,0,Peaceful Area
CP AMRITSAR,0,0,0,0,0,0,0,0,0,0,Peaceful Area
CP JALANDHAR,0,0,0,0,0,0,0,0,0,0,Peaceful Area
CP LUDHIANA,0,0,0,0,0,0,0,0,0,0,Peaceful Area
CRIME BRANCH,0,0,0,0,0,0,0,0,0,0,Peaceful Area
CRIME JAMMU,0,0,0,0,0,0,0,0,0,0,Peaceful Area
CRIME SRINAGAR,0,0,0,0,0,0,0,0,0,0,Peaceful Area
CSM NAGAR,0,0,0,0,0,0,0,0,0,0,Peaceful Area
CUDDALORE,0,0,0,0,0,0,2,0,0,0,Peaceful Area
CUDDAPAH,1,8,1,0,0,1,43,0,24,50,Peaceful Area
CUTTACK,0,3,0,0,0,0,1,0,13,10,Peaceful Area
CYBERABAD,7,13,1,0,0,0,27,10,170,113,Sensitive Area
D and N HAVELI,3,2,7,0,0,0,3,0,10,48,Peaceful Area
DAHOD,1,6,10,81,121,0,19,0,11,31,Moderate Area
DAKSHIN DINAJPUR,0,6,1,0,0,0,0,0,2,17,Peaceful Area
DAKSHIN KANNADA,1,3,0,0,0,0,1,0,30,13,Peaceful Area
DAMAN,0,3,0,0,0,0,0,0,0,2,Peaceful Area
DAMOH,16,43,4,0,0,3,93,0,122,90,Sensitive Area
DANTEWADA,0,3,0,0,0,0,1,0,0,8,Peaceful Area
DANTEWARA,1,19,2,0,0,0,2,0,19,28,Peaceful Area
DARBHANGA,0,0,0,0,0,0,0,0,0,0,Peaceful Area
DARJEELING,0,4,2,0,0,0,1,0,12,10,Peaceful Area
DARRANG,0,0,0,0,0,0,0,0,0,0,Peaceful Area
DATIYA,0,11,1,0,1,0,7,0,2,38,Peaceful Area
DAUSA,7,7,5,0,0,9,12,0,12,544,Sensitive Area
DAVANAGERE,0,3,0,0,0,0,10,2,119,107,Peaceful Area
DCP BBSR,0,0,0,0,0,0,3,0,13,23,Peaceful Area
DCP CTC,0,0,4,0,0,0,0,0,2,0,Peaceful Area
DEHRADUN,0,0,1,0,0,0,0,0,3,0,Peaceful Area
DEOGARH,1,6,2,0,2,2,28,4,17,28,Peaceful Area
DEOGHAR,0,6,0,0,0,0,9,14,45,7,Peaceful Area
DEORIA,0,0,0,0,0,0,0,0,0,15,Peaceful Area
DEWAS,12,85,14,0,0,2,20,0,0,428,Sensitive Area
DHALAI,0,0,0,0,0,0,0,0,1,1,Peaceful Area
DHAMTARI,4,30,1,0,0,0,5,0,3,117,Peaceful Area
DHANBAD,2,7,0,0,0,0,13,5,38,30,Peaceful Area
DHANBAD RLY.,0,4,2,0,0,0,0,0,3,1,Peaceful Area
DHAR,29,157,5,0,0,2,121,0,2,272,Sensitive Area
DHARMAPURI,1,0,0,0,0,0,2,0,2,2,Peaceful Area
DHARWAD COMMR.,0,0,0,0,0,0,0,0,18,16,Peaceful Area
DHARWAD RURAL,2,1,0,0,0,0,8,0,89,79,Peaceful Area
DHEMAJI,13,8,22,0,6,2,27,0,0,50,Sensitive Area
DHENKANAL,6,11,4,1,0,2,28,0,127,49,Sensitive Area
DHOLPUR,2,0,1,0,0,0,40,0,44,78,Peaceful Area
DHUBRI,0,0,0,0,0,0,0,0,0,2,Peaceful Area
DHULE,6,16,2,3,1,2,15,0,41,64,Peaceful Area
DIBANG VALLEY,0,1,5,0,0,0,14,0,0,22,Peaceful Area
DIBRUGARH,6,4,1,1,4,0,20,0,0,39,Peaceful Area
DIMAPUR,0,0,0,0,0,0,0,0,0,0,Peaceful Area
DINDIGUL,0,0,0,0,0,0,1,0,0,0,Peaceful Area
DINDORI,13,69,3,1,0,0,19,0,93,160,Sensitive Area
DIU,0,0,0,0,0,0,0,0,0,0,Peaceful Area
DODA,0,0,0,0,0,0,0,0,0,0,Peaceful Area
DRP,0,0,0,0,0,0,0,0,0,0,Peaceful Area
DUMKA,2,17,4,0,0,0,33,10,111,87,Sensitive Area
DUNGARPUR,0,14,3,0,0,1,5,0,31,118,Peaceful Area
DURG,12,75,5,0,0,0,32,0,43,250,Sensitive Area
EAST,6,9,4,0,2,3,30,1,0,11,Peaceful Area
EAST GODAVARI,3,6,0,0,0,0,25,0,34,155,Peaceful Area
EOW,0,0,0,0,0,0,0,0,0,0,Peaceful Area
ERNAKULAM,0,1,0,0,0,0,0,0,1,0,Peaceful Area
ERNAKULAM COMMR.,0,1,0,0,0,0,0,0,1,9,Peaceful Area
ERNAKULAM RURAL,0,5,0,0,0,0,0,0,2,8,Peaceful Area
ERODE,1,0,0,0,0,0,0,0,0,0,Peaceful Area
ETAH,1,0,0,0,0,0,0,0,0,2,Peaceful Area
ETAWAH,0,0,0,0,0,0,0,0,0,0,Peaceful Area
FAIZABAD,0,0,0,0,0,0,0,0,0,0,Peaceful Area
FARIDABAD,0,0,0,0,0,0,0,0,0,0,Peaceful Area
FARIDKOT,0,0,0,0,0,0,0,0,0,0,Peaceful Area
FATEHABAD,0,0,0,0,0,0,0,0,0,0,Peaceful Area
FATEHGARH,0,0,0,0,0,0,0,0,0,18,Peaceful Area
FATEHGARH SAHIB,0,0,0,0,0,0,0,0,0,0,Peaceful Area
FATEHPUR,0,0,0,0,0,0,0,0,0,5,Peaceful Area
FAZILKA,0,0,0,0,0,0,0,0,0,0,Peaceful Area
FEROZEPUR,0,0,0,0,0,0,0,0,0,0,Peaceful Area
FEROZPUR,0,0,0,0,0,0,0,0,0,0,Peaceful Area
FIROZABAD,0,0,0,0,0,0,0,0,0,5,Peaceful Area
G.R.P,0,0,0,0,0,0,0,0,0,0,Peaceful Area
G.R.P.,0,0,0,0,0,0,0,0,5,0,Peaceful Area
G.R.P. AJMER,0,0,0,0,0,0,0,0,0,0,Peaceful Area
G.R.P. JODHPUR,0,0,0,0,0,0,0,0,0,0,Peaceful Area
G.R.P.(RLY),0,0,0,0,0,0,0,0,0,0,Peaceful Area
G.R.P.AJMER,0,1,0,0,0,0,0,0,2,0,Peaceful Area
G.R.P.JODHPUR,0,0,1,0,0,0,0,0,0,0,Peaceful Area
GADAG,0,0,0,0,0,0,0,0,22,21,Peaceful Area
GADCHIROLI,1,16,0,0,2,0,1,0,17,37,Peaceful Area
GAJAPATI,2,3,1,0,0,1,9,0,57,44,Peaceful Area
GANDERBAL,0,0,0,0,0,0,0,0,0,0,Peaceful Area
GANDHINAGAR,3,5,3,0,0,0,15,0,0,11,Peaceful Area
GANGANAGAR,0,1,0,0,0,0,3,0,0,24,Peaceful Area
GANJAM,1,4,0,0,0,0,16,0,31,11,Peaceful Area
GARHWA,3,14,10,2,3,1,63,10,96,49,Sensitive Area
GARIYABAND,1,7,0,0,0,0,0,0,0,6,Peaceful Area
GARO HILLS EAST,0,0,0,0,0,0,0,0,0,0,Peaceful Area
GARO HILLS SOUTH,0,1,1,0,0,0,0,0,0,0,Peaceful Area
GARO HILLS WEST,0,0,0,0,0,0,0,0,0,0,Peaceful Area
GAUTAMBUDH NAGAR,0,0,0,0,0,0,0,0,0,0,Peaceful Area
GAYA,0,0,0,0,0,0,0,0,0,0,Peaceful Area
GHAZIABAD,1,0,0,0,0,0,0,0,0,5,Peaceful Area
GHAZIPUR,0,0,0,0,0,1,0,0,2,0,Peaceful Area
GIRIDIH,4,3,0,0,0,0,7,5,16,13,Peaceful Area
GOALPARA,0,0,0,0,0,0,0,0,0,0,Peaceful Area
GODDA,0,2,1,0,0,0,1,0,33,3,Peaceful Area
GOLAGHAT,8,4,5,0,2,0,23,0,0,13,Peaceful Area
GOMATI,0,0,0,0,0,0,0,0,0,0,Peaceful Area
GONDA,0,0,0,0,0,1,0,0,0,0,Peaceful Area
GONDIA,4,20,2,0,1,0,2,0,11,40,Peaceful Area
GOPALGANJ,0,0,0,0,0,0,0,0,5,0,Peaceful Area
GORAKHPUR,0,0,0,0,0,0,0,0,0,0,Peaceful Area
GRP,0,0,0,0,0,0,0,0,0,0,Peaceful Area
GRP RAIPUR,0,2,0,0,0,0,2,0,7,5,Peaceful Area
GRP(RLY),0,0,0,0,0,0,0,0,0,0,Peaceful Area
GULBARGA,3,0,0,0,0,0,0,0,0,5,Peaceful Area
GUMALA,0,1,0,0,0,0,0,0,0,6,Peaceful Area
GUMLA,6,29,28,0,4,0,11,20,66,34,Sensitive Area
GUNA,6,65,3,1,2,6,120,0,2,311,Sensitive Area
GUNTAKAL RLY.,0,0,0,0,0,0,0,0,0,0,Peaceful Area
GUNTUR,5,14,1,0,0,2,63,0,57,212,Sensitive Area
GUNTUR URBAN,0,1,0,0,0,1,3,0,0,19,Peaceful Area
GURDASPUR,0,0,0,0,0,0,0,0,0,0,Peaceful Area
GURGAON,0,0,0,0,0,0,0,0,0,0,Peaceful Area
GUWAHATI CITY,0,0,0,0,0,0,6,0,0,2,Peaceful Area
GWALIOR,6,47,3,0,1,3,23,0,19,493,Sensitive Area
HAILAKANDI,0,0,0,0,0,0,0,0,0,0,Peaceful Area
HAMIRPUR,0,0,0,0,0,0,0,0,0,32,Peaceful Area
HAMREN,0,0,0,0,0,0,0,0,0,0,Peaceful Area
HANDWARA,0,0,0,0,0,0,0,0,0,0,Peaceful Area
HANUMANGARH,0,0,0,0,0,0,0,0,0,17,Peaceful Area
HARDA,6,73,9,0,1,0,86,0,15,104,Sensitive Area
HARDOI,0,0,0,0,0,0,0,0,1,0,Peaceful Area
HARIDWAR,0,0,0,0,0,0,1,0,0,0,Peaceful Area
HASSAN,0,0,0,0,0,0,0,0,2,3,Peaceful Area
HATHRAS,0,0,0,0,0,0,0,0,0,0,Peaceful Area
HAVERI,0,0,0,0,0,0,3,0,91,70,Peaceful Area
HAZARIBAGH,4,4,1,0,0,1,62,6,34,17,Peaceful Area
HIMATNAGAR,4,9,7,1,1,3,17,0,18,44,Peaceful Area
HINGOLI,0,10,4,2,1,2,2,0,1,15,Peaceful Area
HISAR,0,0,0,0,0,0,0,0,0,0,Peaceful Area
HISSAR,0,0,0,0,0,0,0,0,0,0,Peaceful Area
HOOGHLY,0,0,0,0,0,0,0,0,0,1,Peaceful Area
HOSHANGABAD,12,120,5,0,0,5,175,0,0,153,Sensitive Area
HOSHIARPUR,0,0,0,0,0,0,0,0,0,0,Peaceful Area
HOWRAH,0,0,0,0,0,0,0,0,0,1,Peaceful Area
HOWRAH CITY,0,0,0,0,0,0,0,0,1,0,Peaceful Area
HOWRAH G.R.P.,0,0,0,0,0,0,0,0,0,0,Peaceful Area
HYDERABAD CITY,0,10,0,0,0,0,0,0,43,23,Peaceful Area
I.G.I.AIRPORT,0,0,0,0,0,0,0,0,0,0,Peaceful Area
IDUKKI,0,18,0,0,0,0,29,0,21,32,Peaceful Area
IGI AIRPORT,0,0,0,0,0,0,0,0,0,0,Peaceful Area
IMPHAL EAST,0,0,1,0,0,0,0,0,0,1,Peaceful Area
IMPHAL WEST,0,0,0,0,0,0,0,0,0,1,Peaceful Area
IMPHAL(EAST),1,0,0,0,0,0,0,0,0,0,Peaceful Area
IMPHAL(WEST),1,0,0,0,0,0,0,0,0,0,Peaceful Area
INDORE,11,44,6,0,0,2,63,0,34,261,Sensitive Area
INDORE RLY.,0,1,0,0,0,0,0,0,0,9,Peaceful Area
J.P.NAGAR,0,0,0,0,0,0,0,0,0,0,Peaceful Area
JABALPUR,13,97,2,0,1,1,80,0,238,217,Sensitive Area
JABALPUR RLY.,0,1,0,0,0,0,0,0,0,0,Peaceful Area
JAGATSINGHPUR,0,0,0,0,0,0,0,0,2,2,Peaceful Area
JAGDALPUR,40,188,6,0,1,10,76,5,78,309,Sensitive Area
JAGRAON,0,0,0,0,0,0,0,0,0,0,Peaceful Area
JAINTIA HILLS,0,0,0,0,0,0,0,0,0,0,Peaceful Area
JAIPUR,4,11,0,0,0,11,8,0,265,123,Sensitive Area
JAIPUR EAST,1,4,0,0,0,1,0,0,9,151,Peaceful Area
JAIPUR NORTH,0,3,0,0,0,0,0,0,0,91,Peaceful Area
JAIPUR RURAL,9,8,0,0,0,13,13,0,7,496,Sensitive Area
JAIPUR SOUTH,2,3,0,0,0,0,0,0,2,105,Peaceful Area
JAIPUR WEST,0,1,0,0,0,0,0,0,0,55,Peaceful Area
JAISALMER,1,2,1,0,0,2,0,0,67,136,Peaceful Area
JAJPUR,0,3,0,0,0,0,4,0,29,12,Peaceful Area
JALANDHAR,0,0,0,0,0,0,0,0,0,0,Peaceful Area
JALANDHAR RURAL,0,0,0,0,0,0,0,0,0,0,Peaceful Area
JALAUN,0,0,0,0,0,0,0,0,0,1,Peaceful Area
JALGAON,3,16,4,0,0,1,5,0,34,73,Peaceful Area
JALNA,2,4,1,3,0,1,0,0,3,10,Peaceful Area
JALORE,6,10,0,0,0,0,4,0,96,341,Sensitive Area
JALPAIGURI,0,0,0,0,0,0,0,0,3,3,Peaceful Area
JAMALPUR RLY.,0,0,0,0,0,0,0,0,0,0,Peaceful Area
JAMMU,0,0,0,0,0,0,0,0,0,0,Peaceful Area
JAMNAGAR,0,10,0,0,0,0,1,0,3,7,Peaceful Area
JAMSHEDPUR,28,17,10,2,3,5,226,6,86,77,Sensitive Area
JAMSHEDPUR RLY.,0,1,1,0,0,0,0,0,3,0,Peaceful Area
JAMTARA,3,12,2,0,0,0,22,5,18,42,Peaceful Area
JAMUI,2,10,0,0,2,2,22,7,35,21,Peaceful Area
JANJGIR,11,16,0,0,2,0,38,0,7,136,Peaceful Area
JASHPUR,10,80,10,0,0,0,10,0,90,130,Sensitive Area
JAUNPUR,0,0,0,0,0,0,0,0,0,10,Peaceful Area
JEHANABAD,2,1,0,0,0,0,0,0,9,0,Peaceful Area
JHABUA,3,36,4,0,0,0,25,0,0,80,Peaceful Area
JHAJJAR,0,0,0,0,0,0,0,0,0,0,Peaceful Area
JHALAWAR,15,38,6,0,3,1,52,0,17,293,Sensitive Area
JHANSI,0,0,0,0,0,0,0,0,0,15,Peaceful Area
JHARGRAM,0,0,0,0,0,0,0,0,0,2,Peaceful Area
JHARSUGUDA,2,10,0,0,0,0,28,0,65,33,Peaceful Area
JHUNJHUNU,5,5,0,0,0,1,52,0,33,155,Peaceful Area
JIND,0,0,0,0,0,0,0,0,0,0,Peaceful Area
JODHPUR,0,3,1,0,0,2,77,0,79,22,Peaceful Area
JODHPUR CITY,0,0,2,0,0,1,7,0,3,44,Peaceful Area
JODHPUR EAST,0,0,0,0,0,0,2,0,0,5,Peaceful Area
JODHPUR RURAL,3,3,0,0,0,0,125,0,4,1,Peaceful Area
JODHPUR WEST,0,1,0,0,0,0,0,0,0,6,Peaceful Area
JORHAT,0,0,0,0,0,0,0,0,1,1,Peaceful Area
JUNAGADH,1,0,4,0,2,0,4,0,3,2,Peaceful Area
K.G.F.,1,0,0,0,0,0,3,0,0,13,Peaceful Area
K/KUMEY,0,0,0,0,0,0,12,0,0,14,Peaceful Area
KABIRDHAM,5,14,1,0,0,0,31,0,59,113,Peaceful Area
KAITHAL,0,0,0,0,0,0,0,0,0,0,Peaceful Area
KALAHANDI,6,22,4,0,0,2,71,0,82,46,Sensitive Area
KAMENG EAST,0,0,2,0,1,0,16,0,0,12,Peaceful Area
KAMENG WEST,0,0,0,0,0,0,5,0,0,6,Peaceful Area
KAMRUP,0,0,0,0,0,0,4,0,0,0,Peaceful Area
KANCHIPURAM,0,0,0,0,0,0,0,0,0,0,Peaceful Area
KANDHAMAL,6,9,8,1,1,0,80,0,166,28,Sensitive Area
KANGRA,0,1,0,0,0,0,0,0,5,0,Peaceful Area
KANKER,28,59,3,14,0,0,17,0,17,112,Sensitive Area
KANNAUJ,0,0,0,0,0,0,0,0,0,0,Peaceful Area
KANNUR,1,32,0,0,0,3,49,0,6,33,Peaceful Area
KANPUR DEHAT,0,0,0,0,0,0,0,0,0,0,Peaceful Area
KANPUR NAGAR,0,0,0,0,0,0,0,0,0,16,Peaceful Area
KANSHIRAM NAGAR,0,0,0,0,0,0,0,0,0,0,Peaceful Area
KANYAKUMARI,0,0,0,0,0,0,0,0,0,0,Peaceful Area
KAPURTHALA,0,0,0,0,0,0,0,0,0,0,Peaceful Area
KARAIKAL,0,0,0,0,0,0,0,0,0,0,Peaceful Area
KARAULI,7,10,0,0,0,5,6,0,90,388,Sensitive Area
KARBI ANGLONG,0,4,0,0,0,5,7,0,0,3,Peaceful Area
KARGIL,0,0,0,0,0,0,0,0,0,0,Peaceful Area
KARIMGANJ,0,0,0,0,0,0,0,0,0,0,Peaceful Area
KARIMNAGAR,9,20,5,0,1,0,126,0,112,232,Sensitive Area
KARNAL,0,0,0,0,0,0,0,0,0,0,Peaceful Area
KARUR,0,0,0,0,0,0,0,0,0,0,Peaceful Area
KASARGOD,2,74,0,0,0,0,27,0,7,61,Peaceful Area
KATHUA,0,0,0,0,0,0,0,0,0,0,Peaceful Area
KATIHAR,0,0,0,0,0,0,15,0,64,8,Peaceful Area
KATIHAR RLY.,0,0,0,0,0,0,0,0,1,0,Peaceful Area
KATNI,8,42,2,0,0,3,18,0,94,125,Sensitive Area
KAUSHAMBI,0,0,0,0,0,0,0,0,0,0,Peaceful Area
KENDRAPARA,0,1,0,0,0,1,2,0,4,3,Peaceful Area
KEONJHAR,8,35,3,0,5,4,38,0,68,48,Sensitive Area
KHAGARIA,0,0,0,0,0,0,0,0,0,0,Peaceful Area
KHAMMAM,5,72,9,0,0,1,83,1,127,325,Sensitive Area
KHANDWA,21,113,6,0,0,1,49,0,1,509,Sensitive Area
KHANNA,0,0,0,0,0,0,0,0,0,0,Peaceful Area
KHARAGPUR G.R.P.,0,0,0,0,0,0,0,0,0,0,Peaceful Area
KHARGON,23,65,3,1,1,1,60,0,0,165,Sensitive Area
KHASI HILLS EAST,0,0,0,0,0,0,0,0,0,0,Peaceful Area
KHASI HILLS WEST,0,0,0,0,0,0,0,0,0,0,Peaceful Area
KHEDA NORTH,0,5,0,0,0,1,7,0,5,7,Peaceful Area
KHIRI,0,0,0,0,0,0,1,0,0,1,Peaceful Area
KHOWAI,0,1,0,0,1,0,3,0,0,16,Peaceful Area
KHUNTI,16,2,3,3,0,0,4,0,1,16,Peaceful Area
KHURDA,0,1,0,0,0,0,10,0,15,7,Peaceful Area
KINNAUR,0,0,0,1,0,0,0,4,1,0,Peaceful Area
KIPHIRE,0,0,0,0,0,0,0,0,0,0,Peaceful Area
KISHANGANJ,0,2,0,0,0,0,0,9,28,2,Peaceful Area
KISHTWAR,0,0,0,0,0,0,0,0,0,0,Peaceful Area
KODAGU,6,7,1,0,1,0,15,0,6,9,Peaceful Area
KODERMA,3,2,0,0,0,0,0,3,3,5,Peaceful Area
KOHIMA,97,21,13,15,55,0,8,0,0,359,Sensitive Area
KOKRAJHAR,9,8,4,0,4,0,18,0,0,4,Peaceful Area
KOLAR,3,5,0,0,0,0,5,0,26,25,Peaceful Area
KOLASIB,4,8,1,2,3,8,13,0,0,0,Peaceful Area
KOLHAPUR,0,0,0,0,0,0,0,0,0,0,Peaceful Area
KOLKATA,0,0,0,0,0,0,0,0,0,1,Peaceful Area
KOLLAM,0,4,0,0,0,0,4,0,12,7,Peaceful Area
KOLLAM COMMR.,0,0,0,0,0,0,1,0,0,0,Peaceful Area
KOLLAM RURAL,0,0,0,0,0,0,1,0,11,0,Peaceful Area
KONDAGAON,1,2,2,0,0,0,1,0,0,1,Peaceful Area
KOPPAL,0,0,0,0,0,0,0,5,0,0,Peaceful Area
KORAPUT,4,28,0,0,0,0,11,0,161,75,Peaceful Area
KORBA,17,55,2,0,0,1,65,0,3,171,Sensitive Area
KORIYA,18,71,1,0,0,0,11,0,55,83,Sensitive Area
KOTA,9,14,1,0,0,2,49,0,6,138,Peaceful Area
KOTA CITY,4,12,0,0,0,0,9,0,4,76,Peaceful Area
KOTA RURAL,4,17,0,0,0,1,24,0,1,149,Peaceful Area
KOTTAYAM,0,9,1,0,0,1,9,0,14,23,Peaceful Area
KOZHIKODE,0,2,0,0,0,0,0,0,1,1,Peaceful Area
KOZHIKODE COMMR.,0,1,0,0,0,0,0,0,1,4,Peaceful Area
KOZHIKODE RURAL,0,11,1,0,0,0,9,0,2,10,Peaceful Area
KRISHNA,5,11,2,0,1,1,38,24,70,96,Sensitive Area
KRISHNAGIRI,0,0,0,0,0,0,1,0,1,1,Peaceful Area
KULGAM,0,0,0,0,0,0,0,0,0,0,Peaceful Area
KULLU,0,1,0,0,0,0,0,0,7,2,Peaceful Area
KUPWARA,0,0,0,0,0,0,0,0,0,0,Peaceful Area
KURNOOL,0,9,0,0,0,0,45,0,56,178,Peaceful Area
KURUKSHETRA,0,0,0,0,0,0,0,0,0,0,Peaceful Area
KUSHI NAGAR,0,0,0,0,0,0,0,0,0,0,Peaceful Area
KUTCH,2,7,3,0,1,2,55,0,9,15,Peaceful Area
KUTCH (EAST(G)),0,1,0,0,0,0,0,0,0,0,Peaceful Area
KUTCH (WEST-BHUJ),0,0,1,0,0,0,0,0,0,0,Peaceful Area
LAHAUL-SPITI,1,2,1,0,0,0,0,0,2,1,Peaceful Area
LAKHIMPUR,0,0,0,0,0,0,0,0,0,0,Peaceful Area
LAKHISARAI,1,3,2,0,0,0,0,0,0,0,Peaceful Area
LAKSHADWEEP,0,1,0,0,0,0,0,0,0,0,Peaceful Area
LALITPUR,0,0,1,0,0,0,0,0,27,1,Peaceful Area
LATEHAR,0,4,1,0,0,0,10,10,33,17,Peaceful Area
LATUR,1,0,0,0,0,0,0,0,0,0,Peaceful Area
LAWNGTLAI,0,1,0,1,0,0,1,0,0,0,Peaceful Area
LEH,0,0,0,0,0,0,0,0,0,0,Peaceful Area
LOHARDAGGA,5,15,3,3,2,1,16,7,20,36,Peaceful Area
LOHIT,3,4,7,0,0,0,19,0,0,48,Peaceful Area
LONGLENG,0,0,0,0,0,0,0,0,0,0,Peaceful Area
LUCKNOW,0,0,0,0,0,0,0,0,0,22,Peaceful Area
LUDHIANA,0,0,0,0,0,0,0,0,0,0,Peaceful Area
LUDHIANA RURAL,0,0,0,0,0,0,0,0,0,0,Peaceful Area
LUNGLEI,0,1,0,0,0,0,0,0,0,0,Peaceful Area
MADHEPURA,0,0,0,0,0,0,0,0,0,0,Peaceful Area
MADHUBANI,0,0,0,0,0,0,0,0,0,0,Peaceful Area
MADURAI RURAL,0,0,0,0,0,0,0,0,0,5,Peaceful Area
MADURAI URBAN,0,0,0,0,0,0,0,0,0,0,Peaceful Area
MAHABOOBNAGAR,27,39,4,0,0,0,89,4,185,181,Sensitive Area
MAHARAJGANJ,0,0,0,0,0,0,0,0,0,0,Peaceful Area
MAHASAMUND,4,29,2,0,1,0,23,0,4,102,Peaceful Area
MAHENDERGARH,0,0,0,0,0,0,0,0,0,0,Peaceful Area
MAHENDRAGARH,0,0,0,0,0,0,0,0,0,0,Peaceful Area
MAHOBA,0,0,0,0,0,0,0,0,0,0,Peaceful Area
MAINPURI,1,0,0,0,0,0,0,0,1,4,Peaceful Area
MAJITHA,0,0,0,0,0,0,0,0,0,0,Peaceful Area
MALAPPURAM,0,19,1,0,0,1,3,0,9,16,Peaceful Area
MALDA,0,0,0,0,0,0,0,0,6,9,Peaceful Area
MALKANGIR,4,12,1,0,1,0,8,0,62,30,Peaceful Area
MAMIT,0,0,0,0,0,0,0,0,0,0,Peaceful Area
MANDI,0,0,0,0,0,0,0,0,1,0,Peaceful Area
MANDLA,16,103,11,0,2,0,178,0,45,192,Sensitive Area
MANDSAUR,4,29,5,0,1,1,15,0,1,101,Peaceful Area
MANDYA,0,0,0,0,0,0,0,0,0,97,Peaceful Area
MANGALORE CITY,0,0,0,0,0,0,0,0,3,4,Peaceful Area
MANSA,0,0,0,0,0,0,0,0,0,0,Peaceful Area
MATHURA,0,0,0,0,0,0,0,0,0,6,Peaceful Area
MAU,0,0,0,0,0,0,0,0,0,0,Peaceful Area
MAYURBHANJ,5,66,0,0,0,4,5,0,436,379,Sensitive Area
MEDAK,4,13,0,0,0,1,14,0,94,74,Peaceful Area
MEERUT,0,0,0,0,0,0,0,0,0,0,Peaceful Area
MEHSANA,0,6,0,0,1,0,3,0,6,12,Peaceful Area
MEWAT,0,0,0,0,0,0,0,0,0,0,Peaceful Area
MIDNAPUR,0,0,0,0,0,0,0,0,0,0,Peaceful Area
MIRZAPUR,0,0,0,0,0,0,0,0,44,4,Peaceful Area
MOGA,0,0,0,0,0,0,0,0,0,0,Peaceful Area
MOKOKCHUNG,0,0,0,0,0,0,0,0,0,0,Peaceful Area
MON,6,2,1,5,7,2,11,0,0,72,Peaceful Area
MORADABAD,1,0,0,0,0,0,2,0,3,13,Peaceful Area
MORENA,0,10,1,1,1,1,1,0,0,72,Peaceful Area
MORIGAON,1,0,3,0,0,0,11,0,0,6,Peaceful Area
MOTIHARI,0,0,0,0,0,0,0,0,2,0,Peaceful Area
MUKTSAR,0,0,0,0,0,0,0,0,0,0,Peaceful Area
MUMBAI,0,1,0,0,0,0,0,0,0,1,Peaceful Area
MUMBAI COMMR.,0,0,0,0,0,0,2,0,7,2,Peaceful Area
MUMBAI RLY.,0,1,0,0,0,0,0,0,0,0,Peaceful Area
MUNGELI,1,0,0,0,0,0,0,0,0,1,Peaceful Area
MUNGER,0,0,0,0,0,0,0,0,0,0,Peaceful Area
MURSHIDABAD,0,5,0,0,0,0,0,0,3,5,Peaceful Area
MUZAFFARNAGAR,0,1,0,0,0,0,0,0,0,0,Peaceful Area
MUZAFFARPUR,0,0,0,0,0,0,0,0,10,0,Peaceful Area
MUZAFFARPUR RLY.,0,0,0,0,0,0,0,0,0,0,Peaceful Area
MYSORE COMMR.,0,1,0,0,0,0,0,0,62,2,Peaceful Area
MYSORE RURAL,0,0,0,0,0,0,0,0,2,28,Peaceful Area
N.C. HILLS,0,0,0,0,0,0,0,0,0,0,Peaceful Area
N.C.HILLS,15,5,2,5,2,4,14,0,0,27,Peaceful Area
NADIA,0,1,0,0,0,0,0,0,0,0,Peaceful Area
NAGAON,2,8,12,2,6,5,13,0,0,26,Peaceful Area
NAGAPATTINAM,0,0,0,0,0,0,0,0,0,0,Peaceful Area
NAGAUR,3,1,0,0,0,1,1,0,2,25,Peaceful Area
NAGPUR COMMR.,0,13,0,0,0,0,1,0,2,7,Peaceful Area
NAGPUR RLY.,1,0,0,0,0,0,0,0,0,1,Peaceful Area
NAGPUR RURAL,2,29,0,0,0,0,1,0,9,45,Peaceful Area
NAINITAL,0,0,0,0,0,0,0,0,0,0,Peaceful Area
NALANDA,0,0,0,0,0,0,0,1,0,40,Peaceful Area
NALBARI,0,0,0,0,0,0,0,0,0,0,Peaceful Area
NALGONDA,8,38,0,0,0,1,66,1,431,341,Sensitive Area
NAMAKKAL,0,0,0,0,0,0,0,0,4,1,Peaceful Area
NANDED,1,14,2,1,0,1,2,0,6,14,Peaceful Area
NANDURBAR,5,13,3,1,2,1,27,0,119,96,Sensitive Area
NARAYANPUR,2,3,0,0,0,0,1,0,5,2,Peaceful Area
NARMADA,3,4,5,0,1,2,18,0,14,23,Peaceful Area
NARSINGHPUR,7,65,1,0,0,1,114,0,0,171,Sensitive Area
NASIK COMMR.,0,7,0,0,0,0,1,1,6,1,Peaceful Area
NASIK RURAL,6,40,3,0,0,6,6,0,45,99,Sensitive Area
NAUGACHIA,0,0,0,0,0,0,0,0,0,1,Peaceful Area
NAVI MUMBAI,2,1,1,0,0,0,1,0,3,6,Peaceful Area
NAVSARI,4,12,2,0,0,2,8,0,19,35,Peaceful Area
NAWADAH,0,0,0,0,0,0,0,0,0,0,Peaceful Area
NAWAN SHAHR,0,0,0,0,0,0,0,0,0,0,Peaceful Area
NAYAGARH,0,2,0,0,0,0,0,0,15,5,Peaceful Area
NEEMUCH,5,19,2,0,0,0,3,1,0,75,Peaceful Area
NELLORE,8,18,6,0,0,3,83,3,217,268,Sensitive Area
NEW DELHI,0,0,0,0,0,0,0,0,1,0,Peaceful Area
NICOBAR,0,0,0,0,0,0,0,0,0,3,Peaceful Area
NILGIRIS,1,2,1,0,0,0,0,1,8,2,Peaceful Area
NIZAMABAD,3,13,1,0,1,0,35,0,33,159,Peaceful Area
NORTH,0,1,0,0,0,0,7,0,1,11,Peaceful Area
NORTH EAST,0,0,0,0,0,0,0,0,0,0,Peaceful Area
NORTH GOA,0,0,0,0,0,0,0,0,0,1,Peaceful Area
NORTH WEST,0,0,0,0,0,0,0,0,0,0,Peaceful Area
NORTH-EAST,0,0,0,0,0,0,0,0,0,0,Peaceful Area
NORTH-WEST,0,0,0,0,0,0,0,0,0,0,Peaceful Area
NOWRANGPUR,14,39,12,3,4,3,41,0,197,85,Sensitive Area
NUAPADA,5,7,7,0,3,3,75,0,157,229,Sensitive Area
OSMANABAD,6,11,0,1,0,4,4,0,4,27,Peaceful Area
OUTER,0,0,0,0,0,0,0,0,0,0,Peaceful Area
PAKUR,1,6,3,0,0,0,8,3,38,14,Peaceful Area
PALAKKAD,7,54,1,0,0,2,57,0,13,49,Sensitive Area
PALAMU,2,3,2,0,0,0,16,0,22,5,Peaceful Area
PALANPUR,7,22,5,1,5,4,51,0,171,77,Sensitive Area
PALI,4,13,1,0,1,7,7,0,101,297,Sensitive Area
PALWAL,0,0,0,0,0,0,0,0,0,0,Peaceful Area
PANCHKULA,0,0,0,0,0,0,0,0,0,0,Peaceful Area
PANCHMAHAL,8,9,1,0,0,1,19,3,82,26,Peaceful Area
PANCHSHIL NAGAR,0,0,0,0,0,0,0,0,0,0,Peaceful Area
PANIPAT,0,0,0,0,0,0,0,0,0,5,Peaceful Area
PANNA,9,45,4,0,1,3,17,0,169,167,Sensitive Area
PAPUM PARE,3,7,8,1,5,2,49,0,0,71,Peaceful Area
PARBHANI,2,2,0,0,0,2,3,0,5,13,Peaceful Area
PASCHIM MIDNAPUR,0,3,0,0,0,0,0,1,2,5,Peaceful Area
PATAN,0,3,2,0,1,0,10,0,0,30,Peaceful Area
PATHANAMTHITTA,0,2,0,0,0,0,6,0,3,4,Peaceful Area
PATHANKOT,0,0,0,0,0,0,0,0,0,0,Peaceful Area
PATIALA,0,0,0,0,0,0,0,0,0,0,Peaceful Area
PATNA,0,1,0,0,2,2,12,0,12,4,Peaceful Area
PATNA RLY.,0,0,0,0,0,0,0,0,0,0,Peaceful Area
PAURI GARHWAL,0,0,0,0,0,0,0,0,0,0,Peaceful Area
PERAMBALUR,0,0,0,0,0,0,1,0,0,72,Peaceful Area
PEREN,0,0,0,0,0,0,0,0,0,0,Peaceful Area
PHEK,15,1,3,12,1,0,9,0,0,120,Peaceful Area
PILIBHIT,1,0,0,0,0,1,0,0,0,0,Peaceful Area
PITHORAGARH,0,2,0,0,0,0,0,0,9,3,Peaceful Area
PONDICHERRY,0,0,0,0,0,0,0,0,0,0,Peaceful Area
POONCH,0,0,0,0,0,0,0,0,0,0,Peaceful Area
PORBANDAR,0,0,1,0,0,0,0,0,1,4,Peaceful Area
PRABUDDH NAGAR,0,0,0,0,0,0,0,0,0,0,Peaceful Area
PRAKASHAM,0,12,0,0,0,1,67,1,37,63,Peaceful Area
PRATAPGARH,0,13,3,0,0,0,66,0,1,112,Peaceful Area
PUDUCHERRY,0,0,0,0,0,0,0,0,0,0,Peaceful Area
PUDUKOTTAI,0,0,0,0,0,0,0,0,0,0,Peaceful Area
PULWAMA,0,0,0,0,0,0,0,0,0,0,Peaceful Area
PUNE COMMR.,0,2,0,0,0,0,0,0,0,1,Peaceful Area
PUNE RLY.,0,0,0,0,0,0,0,0,0,0,Peaceful Area
PUNE RURAL,7,26,1,0,0,0,3,0,9,22,Peaceful Area
PURAB MIDNAPUR,0,0,0,0,0,0,0,0,3,3,Peaceful Area
PURI,0,0,0,0,0,1,1,0,4,1,Peaceful Area
PURNEA,1,1,0,0,0,0,6,0,29,22,Peaceful Area
PURULIA,0,2,2,0,0,0,0,0,3,2,Peaceful Area
R.P.O.,0,0,0,0,0,0,0,0,0,0,Peaceful Area
RAIBAREILLY,0,0,0,0,0,0,0,0,0,12,Peaceful Area
RAICHUR,9,3,0,0,3,0,0,5,217,5,Peaceful Area
RAIGAD,5,15,1,0,1,0,12,0,25,54,Peaceful Area
RAIGARH,10,52,1,0,1,1,29,0,54,126,Sensitive Area
RAILWAYS,0,0,0,0,0,0,0,0,7,0,Peaceful Area
RAILWAYS JAMMU,0,0,0,0,0,0,0,0,0,0,Peaceful Area
RAILWAYS KASHMIR,0,0,0,0,0,0,0,0,0,0,Peaceful Area
RAILWAYS KATRA,0,0,0,0,0,0,0,0,0,0,Peaceful Area
RAILWAYS KMR,0,0,0,0,0,0,0,0,0,0,Peaceful Area
RAILWAYSKMR,0,0,0,0,0,0,0,0,0,0,Peaceful Area
RAIPUR,6,72,7,2,5,1,68,0,134,225,Sensitive Area
RAISEN,10,113,10,0,0,6,87,0,0,188,Sensitive Area
RAJAHMUNDRY,0,0,0,0,0,0,2,0,6,5,Peaceful Area
RAJGARH,3,23,3,0,0,2,43,0,20,136,Peaceful Area
RAJKOT COMMR.,1,2,2,0,0,0,3,0,7,3,Peaceful Area
RAJKOT RURAL,0,9,2,0,0,0,5,0,1,7,Peaceful Area
RAJNANDGAON,7,46,0,0,0,0,22,0,3,177,Peaceful Area
RAJOURI,0,0,0,0,0,0,0,0,0,0,Peaceful Area
RAJSAMAND,2,2,0,0,0,1,42,0,20,110,Peaceful Area
RAMABAI NAGAR,0,0,0,0,0,0,0,0,0,2,Peaceful Area
RAMANAGAR,0,0,0,0,0,0,2,0,5,8,Peaceful Area
RAMBAN,0,0,0,0,0,0,0,0,0,0,Peaceful Area
RAMGARH,0,0,0,0,0,0,9,0,3,13,Peaceful Area
RAMNATHAPURAM,0,0,0,0,0,0,0,0,0,0,Peaceful Area
RAMPUR,0,0,0,0,0,0,0,0,0,0,Peaceful Area
RANCHI,25,18,4,1,5,0,39,49,83,140,Sensitive Area
RANGA REDDY,0,9,0,0,0,1,11,4,85,120,Peaceful Area
RATLAM,14,69,11,0,0,2,48,0,0,397,Sensitive Area
RATNAGIRI,0,1,0,0,0,0,2,0,1,6,Peaceful Area
RAYAGADA,11,15,4,0,0,5,36,0,58,45,Sensitive Area
REASI,0,0,0,0,0,1,0,0,0,3,Peaceful Area
REWA,13,61,8,0,3,6,37,0,89,211,Sensitive Area
REWARI,0,0,0,0,0,0,0,0,0,0,Peaceful Area
RI-BHOI,0,0,0,0,0,0,0,0,0,0,Peaceful Area
ROHTAK,0,0,0,0,0,0,0,0,0,0,Peaceful Area
ROHTAS,1,0,0,0,0,2,7,0,47,2,Peaceful Area
ROPAR,0,0,0,0,0,0,0,0,0,0,Peaceful Area
ROURKELA,2,16,0,0,0,0,24,0,27,18,Peaceful Area
RUDRA PRAYAG,0,0,0,0,0,0,0,0,0,0,Peaceful Area
RURAL,0,0,0,0,0,0,2,0,0,3,Peaceful Area
S.T.F.,0,0,0,0,0,0,0,0,0,0,Peaceful Area
SAGAR,24,125,19,0,0,9,114,0,7,433,Sensitive Area
SAHARANPUR,0,0,0,0,0,0,0,0,12,4,Peaceful Area
SAHARSA,0,2,0,0,0,0,0,0,0,0,Peaceful Area
SAHEBGANJ,18,24,11,1,1,35,35,3,31,56,Sensitive Area
SAIHA,0,0,0,0,0,0,0,0,0,0,Peaceful Area
SALEM RURAL,0,3,0,0,0,2,4,0,6,1,Peaceful Area
SALEM URBAN,0,0,0,0,0,0,0,0,0,0,Peaceful Area
SAMASTIPUR,0,0,0,0,0,0,0,0,0,0,Peaceful Area
SAMBA,0,0,0,0,0,0,0,0,0,0,Peaceful Area
SAMBALPUR,4,11,7,0,2,0,65,0,167,62,Sensitive Area
SANGLI,0,1,0,0,0,0,0,0,1,4,Peaceful Area
SANGRUR,0,0,0,0,0,0,0,0,0,0,Peaceful Area
SANT KABIRNAGAR,0,0,0,0,0,0,0,0,0,0,Peaceful Area
SARAIKELA,0,5,3,0,0,0,2,15,27,11,Peaceful Area
SARAN,2,2,0,0,0,0,0,0,4,0,Peaceful Area
SARGUJA,7,115,7,0,1,0,22,0,193,315,Sensitive Area
SAS NGR,0,0,0,0,0,0,0,0,0,0,Peaceful Area
SATARA,2,12,0,1,0,1,1,0,0,12,Peaceful Area
SATNA,20,76,3,0,4,11,80,0,0,343,Sensitive Area
SAWAI MADHOPUR,5,4,0,0,0,0,9,0,41,435,Sensitive Area
SBS NAGAR,0,0,0,0,0,0,0,0,0,0,Peaceful Area
SEALDAH G.R.P.,0,0,0,0,0,0,0,0,0,0,Peaceful Area
SECUNDERABAD RLY.,0,0,0,0,0,0,0,0,2,0,Peaceful Area
SENAPATI,0,0,0,0,0,0,0,0,0,0,Peaceful Area
SEONI,17,104,6,0,0,0,88,0,243,346,Sensitive Area
SERCHHIP,0,0,1,0,0,0,1,0,0,0,Peaceful Area
SHAHDOL,17,122,13,0,2,5,71,0,1,272,Sensitive Area
SHAHJAHANPUR,0,0,0,0,0,0,1,0,0,6,Peaceful Area
SHAJAPUR,2,20,4,0,0,1,13,0,3,99,Peaceful Area
SHEIKHPURA,0,0,0,0,0,0,0,0,0,0,Peaceful Area
SHEOHAR,0,0,0,0,0,0,0,0,0,3,Peaceful Area
SHEOPUR,6,30,4,0,0,0,57,0,44,139,Sensitive Area
SHIMLA,0,1,0,0,0,0,0,0,3,0,Peaceful Area
SHIMOGA,1,0,0,0,0,0,5,0,13,23,Peaceful Area
SHIVPURI,15,93,4,0,0,13,30,1,0,300,Sensitive Area
SHOPIAN,0,0,0,0,0,0,0,0,0,0,Peaceful Area
SHRAWASTI,0,0,0,0,0,0,0,0,0,0,Peaceful Area
SIANG EAST,2,14,10,0,0,0,25,0,0,32,Peaceful Area
SIANG UPPER,0,1,0,0,0,1,7,0,0,8,Peaceful Area
SIANG WEST,0,2,7,0,0,0,21,0,0,20,Peaceful Area
SIBSAGAR,0,0,0,0,0,0,0,0,0,0,Peaceful Area
SIDHARTHNAGAR,0,0,0,0,0,0,0,0,0,0,Peaceful Area
SIDHI,15,87,18,0,0,3,15,0,207,181,Sensitive Area
SIHORE,5,59,3,0,0,0,46,0,0,134,Sensitive Area
SIKAR,5,4,2,0,0,8,15,0,10,335,Sensitive Area
SILIGURI G.R.P.,0,1,0,0,0,0,0,0,0,0,Peaceful Area
SILIGURI_PC,0,1,0,0,0,0,0,0,0,7,Peaceful Area
SIMDEGA,23,7,3,0,1,0,3,10,19,13,Peaceful Area
SINDHUDURG,0,0,0,0,0,0,0,0,0,0,Peaceful Area
SINGRAULI,7,25,7,0,0,0,1,0,0,45,Peaceful Area
SIPAHIJALA,0,0,0,0,0,0,0,0,0,0,Peaceful Area
SIRMAUR,0,0,0,0,0,0,0,0,1,3,Peaceful Area
SIROHI,8,12,1,0,2,4,146,0,56,105,Sensitive Area
SIRSA,0,0,0,0,0,0,0,0,0,0,Peaceful Area
SITAMARHI,0,0,0,0,0,0,0,0,0,0,Peaceful Area
SITAPUR,0,0,0,0,0,0,0,0,0,2,Peaceful Area
SIVAGANGAI,0,0,0,0,0,0,0,0,0,0,Peaceful Area
SIWAN,0,0,0,0,0,0,0,0,44,0,Peaceful Area
SOLAN,0,0,0,0,0,0,0,0,0,0,Peaceful Area
SOLAPUR COMMR.,0,0,0,0,0,0,0,0,1,5,Peaceful Area
SOLAPUR RURAL,4,17,1,0,1,7,3,0,3,14,Peaceful Area
SONBHADRA,0,2,0,0,0,0,1,0,4,0,Peaceful Area
SONEPUR,1,3,0,0,0,1,12,0,53,7,Peaceful Area
SONIPAT,0,0,0,0,0,0,0,0,0,0,Peaceful Area
SONITPUR,14,18,24,9,19,0,41,1,0,50,Sensitive Area
SOPORE,0,0,0,0,0,0,0,0,0,0,Peaceful Area
SOUTH,5,27,3,1,1,1,34,0,2,84,Peaceful Area
SOUTH GOA,0,0,0,0,0,0,0,0,2,1,Peaceful Area
SOUTH WEST,0,0,0,0,0,0,0,0,0,0,Peaceful Area
SOUTH-EAST,0,0,0,0,0,0,0,0,0,0,Peaceful Area
SOUTH-WEST,0,0,0,0,0,0,0,0,0,0,Peaceful Area
SPL CELL,0,0,0,0,0,0,0,0,0,0,Peaceful Area
SRIKAKULAM,0,5,0,0,0,0,22,0,81,52,Peaceful Area
SRINAGAR,0,0,0,0,0,0,0,0,0,0,Peaceful Area
SRP(CUTTACK),0,0,0,0,0,0,4,0,11,3,Peaceful Area
SRP(ROURKELA),0,0,0,0,0,0,0,0,1,6,Peaceful Area
ST.RAVIDASNAGAR,0,0,0,0,0,0,0,0,0,0,Peaceful Area
STF,0,0,0,0,0,0,0,0,0,0,Peaceful Area
SUBANSIRI LOWER,0,0,0,0,0,0,9,0,0,8,Peaceful Area
SUBANSIRI UPPER,0,0,5,0,0,1,6,0,0,14,Peaceful Area
SUKMA,0,0,0,0,0,0,0,0,0,0,Peaceful Area
SULTANPUR,0,0,0,0,0,0,0,0,0,0,Peaceful Area
SUNDARGARH,3,22,4,0,0,1,24,0,40,48,Peaceful Area
SUPAUL,0,0,0,0,0,0,0,0,0,0,Peaceful Area
SURAJPUR,8,59,2,0,0,2,52,0,3,84,Sensitive Area
SURAT COMMR.,6,10,4,0,0,0,1,1,49,2,Peaceful Area
SURAT RURAL,12,20,8,1,2,2,97,0,53,68,Sensitive Area
SURENDRANAGAR,2,13,2,3,0,0,16,0,0,10,Peaceful Area
TAMENGLONG,0,0,0,0,0,0,0,0,0,0,Peaceful Area
TAPI,0,1,1,0,0,0,5,0,1,1,Peaceful Area
TARN TARAN,0,0,0,0,0,0,0,0,0,0,Peaceful Area
TAWANG,0,0,0,0,0,0,0,0,0,1,Peaceful Area
TEHRI GARHWAL,0,0,0,0,0,0,0,0,0,0,Peaceful Area
THANE COMMR.,0,2,0,1,0,1,5,0,12,28,Peaceful Area
THANE RURAL,9,36,14,2,2,3,23,0,128,202,Sensitive Area
THANJAVUR,0,0,0,0,0,0,0,0,0,0,Peaceful Area
THENI,0,0,0,0,0,0,0,0,0,0,Peaceful Area
THIRUNELVELI RURAL,0,1,0,0,0,0,0,0,3,20,Peaceful Area
THIRUNELVELI URBAN,0,0,0,0,0,0,0,0,0,0,Peaceful Area
THIRUVALLUR,0,0,0,0,0,0,0,0,0,0,Peaceful Area
THIRUVANNAMALAI,0,2,0,0,0,1,0,0,9,0,Peaceful Area
THIRUVARUR,0,0,0,0,0,0,0,0,0,1,Peaceful Area
THOOTHUGUDI,0,0,0,0,0,0,0,0,1,1,Peaceful Area
THOUBAL,0,0,0,0,0,0,0,0,0,0,Peaceful Area
THRISSUR,1,6,0,0,0,0,2,0,4,6,Peaceful Area
THRISSUR COMMR.,0,0,0,0,0,0,0,0,0,1,Peaceful Area
THRISSUR RURAL,0,3,0,0,0,0,4,0,0,0,Peaceful Area
TIKAMGARH,7,38,2,0,0,2,32,0,21,59,Peaceful Area
TINSUKIA,0,0,0,0,0,2,0,0,0,0,Peaceful Area
TIRAP,0,0,1,0,0,0,3,0,0,14,Peaceful Area
TIRUPATHI URBAN,0,0,0,0,0,0,3,0,5,28,Peaceful Area
TIRUPPUR,0,0,0,0,0,0,0,0,0,0,Peaceful Area
TONK,3,9,8,0,1,4,243,0,213,283,Sensitive Area
TRICHY RLY.,0,0,0,0,0,0,0,0,0,0,Peaceful Area
TRICHY RURAL,0,0,0,0,0,0,0,0,0,0,Peaceful Area
TRICHY URBAN,0,0,0,0,0,0,0,0,0,0,Peaceful Area
TRIVANDRUM,0,1,0,0,0,0,2,0,6,4,Peaceful Area
TRIVANDRUM COMMR.,0,0,0,0,0,0,2,0,1,3,Peaceful Area
TRIVANDRUM RURAL,0,20,0,0,0,0,11,0,4,14,Peaceful Area
TUENSANG,9,0,0,0,3,1,1,0,0,0,Peaceful Area
TUMKUR,1,0,0,0,0,0,3,1,43,9,Peaceful Area
UDAIPUR,5,42,5,0,1,3,55,0,82,446,Sensitive Area
UDALGURI,5,0,0,0,3,3,0,0,0,17,Peaceful Area
UDHAMPUR,0,0,0,0,0,0,0,0,0,4,Peaceful Area
UDHAMSINGH NAGAR,3,0,1,0,0,0,2,0,4,2,Peaceful Area
UDUPI,0,0,0,0,0,0,0,0,84,92,Peaceful Area
UJJAIN,7,32,1,0,1,0,23,0,3,115,Peaceful Area
UKHRUL,0,0,0,0,0,0,0,0,0,0,Peaceful Area
UMARIYA,11,43,0,0,0,4,60,0,50,142,Sensitive Area
UNA,0,0,0,0,0,0,0,0,0,0,Peaceful Area
UNAKOTI,0,0,0,0,0,0,0,0,0,0,Peaceful Area
UNNAO,0,0,0,0,0,0,0,0,0,22,Peaceful Area
UPPER DIBANG VALLEY,1,0,0,0,0,0,0,0,0,0,Peaceful Area
UTTAR DINAJPUR,0,4,5,0,0,0,1,0,7,8,Peaceful Area
UTTAR KANNADA,0,0,0,1,0,0,0,0,0,38,Peaceful Area
UTTARKASHI,0,0,0,0,0,0,0,0,0,0,Peaceful Area
VADODARA COMMR.,2,9,4,1,0,0,6,0,17,12,Peaceful Area
VADODARA RURAL,15,23,14,0,0,1,42,0,54,92,Sensitive Area
VAISHALI,0,0,0,0,0,0,0,0,0,0,Peaceful Area
VALSAD,4,15,3,0,0,2,8,0,50,52,Peaceful Area
VARANASI,0,0,0,0,0,0,0,0,3,0,Peaceful Area
VELLORE,0,0,0,0,0,0,0,0,0,0,Peaceful Area
VIDISHA,5,58,1,0,0,6,33,0,0,123,Sensitive Area
VIJAYAWADA,0,0,5,0,0,0,79,25,9,35,Peaceful Area
VIJAYAWADA CITY,2,4,3,0,0,1,100,0,5,86,Peaceful Area
VIJAYAWADA RLY.,0,0,0,0,0,0,1,0,0,0,Peaceful Area
VILLUPURAM,0,13,1,0,0,3,69,0,40,46,Peaceful Area
VILUPPURAM,0,2,0,0,0,0,0,0,7,0,Peaceful Area
VIRUDHUNAGAR,0,0,0,0,0,0,1,0,0,0,Peaceful Area
VISAKHA RURAL,3,11,0,0,0,1,24,0,69,54,Peaceful Area
VISAKHAPATNAM,0,4,0,0,0,0,2,0,12,16,Peaceful Area
VIZIANAGARAM,0,2,0,0,0,0,1,42,35,14,Peaceful Area
W.RLY,1,3,0,0,0,0,2,0,1,8,Peaceful Area
W.RLY AHMEDABAD,0,0,1,0,0,0,0,0,0,0,Peaceful Area
W.RLY VADODARA,0,0,0,0,0,0,0,0,0,0,Peaceful Area
WARANGAL,6,53,0,0,0,0,102,0,272,259,Sensitive Area
WARANGAL URBAN,0,2,0,0,0,0,3,0,8,16,Peaceful Area
WARDHA,2,24,1,0,0,0,2,0,6,37,Peaceful Area
WASHIM,5,5,2,1,0,0,0,0,3,22,Peaceful Area
WAYANADU,3,89,2,0,1,0,99,0,16,104,Sensitive Area
WEST,1,3,2,0,0,1,12,0,1,7,Peaceful Area
WEST GODAVARI,1,8,0,0,0,2,12,3,46,103,Peaceful Area
WOKHA,14,0,1,2,2,0,13,0,0,104,Peaceful Area
YADGIRI,0,0,0,0,0,0,0,0,35,42,Peaceful Area
YAMUNANAGAR,0,0,0,0,0,0,0,0,0,0,Peaceful Area
YAVATMAL,12,64,12,0,0,1,16,0,26,163,Sensitive Area
ZUNHEBOTO,17,1,0,0,2,0,2,0,0,41,Peaceful Area
